Workbook

Sheet main sheet
A1: GEM location ID | B1: GEM unit ID | C1: Wiki URL | D1: Plant name | E1: Capacity (MW) | F1: Status | G1: Start year | H1: RUPTL 2025-RE Base_COD | I1: RUPTL 2025-ARED_COD | J1: tag year | K1: Latitude | L1: Longitude | M1: City | N1: State/Province | O1: Ownership | P1: Captive industry use | Q1: Captive industry type | R1: Fuel classification? | S1: Owner(s) | T1: Parent(s) | U1: Technology | V1: Thermal efficiency (%) | W1: APC technology | X1: Annual NOx, ton/year | Y1: Annual SOx, ton/year | Z1: Annual PMs, ton/year | AA1: Conc. Dust | AB1: Conc. NOx | AC1: Conc. CO | AD1: Conc. CO2 | AE1: Conc. SOx | AF1: Conc. PM | AG1: Unit for gases | AH1: Stack height (m) | AI1: Stack diameter (m) | AJ1: Flue exit temp (℃) | AK1: Flue velocity (m/s) | AL1: to be checked | AM1: GOGPT Jul 2025 | AN1: GOGPT internal sharing, Oct 2025 | AO1: TrendAsia internal sharing, Oct 2025
A2: L100000102774 | B2: G100001064105 | C2: https://www.gem.wiki/Jayapura-2_power_station | D2: Jayapura-2 power station | E2: 50 | F2: announced | G2: 2027 | K2: -2.60839 | L2: 140.80748 | M2: Jayapura | N2: Papua | O2: PLN | R2: Multi fuel | S2: PT PLN (Persero) [100%] | T2: PT PLN (Persero) [100.0%] | U2: ICCC | AN2: x
A3: L100000104578 | B3: G100001064106 | C3: https://www.gem.wiki/Jayapura-3_power_station | D3: Jayapura-3 power station | E3: 50 | F3: announced | G3: 2034 | K3: -2.60839 | L3: 140.80748 | M3: Jayapura | N3: Papua | O3: PLN | R3: Multi fuel | S3: PT PLN (Persero) [100%] | T3: PT PLN (Persero) [100.0%] | U3: ICCC | AN3: x
A4: L100000408072 | B4: G100001064205 | C4: https://www.gem.wiki/Jayapura_power_station | D4: Jayapura power station | E4: 50 | F4: announced | G4: 2026 | K4: -2.616361 | L4: 140.7893 | M4: Jayapura | N4: Papua | O4: PLN | R4: Gas only | S4: PT PLN (Persero) [100%] | T4: PT PLN (Persero) [100.0%] | U4: internal combustion | AN4: x
A5: L100000405950 | B5: G100000405936 | C5: https://www.gem.wiki/Sulbagut_1_Combined_Cycle_power_station | D5: Sulbagut 1 Combined Cycle power station | E5: 50 | F5: announced | G5: 2027 | K5: 1.657387 | L5: 125.08887 | N5: Sulawesi | O5: PLN | R5: Multi fuel | S5: PT PLN (Persero) | T5: PT PLN (Persero) | U5: Combined Cycle Gas Turbine (CCGT) | AN5: x
A6: L100001056429 | B6: G100001064470 | C6: https://www.gem.wiki/Sumbagut/Banda_Aceh_sewa_power_station | D6: Sumbagut/Banda Aceh sewa power station | E6: 50 | F6: announced | G6: 2026 | N6: Aceh | O6: PLN | AN6: x
A7: L100000405938 | B7: G100000405921 | C7: https://www.gem.wiki/Kalsel_1_power_station | D7: Kalsel 1 power station | E7: 100 | F7: announced | G7: 2027 | K7: -2.737592 | L7: 114.73802 | M7: not found | N7: South Kalimantan | O7: PLN | R7: Multi fuel | S7: PT PLN (Persero) [100%] | T7: PT PLN (Persero) [100.0%] | U7: Combined Cycle Gas Turbine (CCGT) | AM7: x
A8: L100000405280 | B8: G100000404273 | C8: https://www.gem.wiki/Krakatau_power_station | D8: Krakatau power station | E8: 120 | F8: announced | G8: not found | K8: -5.9924 | L8: 105.9849 | M8: Samangraya | N8: Banten | O8: Captive | R8: Gas only | S8: PT Krakatau Daya Listrik [100%] | T8: PT Krakatau Steel (Persero) Tbk [100.0%] | U8: Combined Cycle Gas Turbine (CCGT) | AM8: x
A9: L100000405292 | B9: G100000404303 | C9: https://www.gem.wiki/Sumbagut_Gas_and_Steam_power_station | D9: Sumbagut Gas and Steam power station | E9: 200 | F9: announced | G9: 2030 | K9: 3.760031 | L9: 98.745965 | M9: Medan | N9: North Sumatra | O9: PLN | R9: Gas only | S9: PT PLN Nusantara Power [100%] | T9: PT PLN (Persero) [100.0%] | U9: Combined Cycle Gas Turbine (CCGT) | AM9: x
A10: L100000102724 | B10: G100000404307 | C10: https://www.gem.wiki/Madura_PTBA_power_station | D10: Madura PTBA power station | E10: 300 | F10: announced | G10: 2025 | K10: -7.077733 | L10: 113.28709 | M10: Pulau Madura | N10: East Java | O10: PLN | R10: Gas only | S10: PT PLN (Persero) [100%] | T10: PT PLN (Persero) [100.0%] | U10: Combined Cycle Gas Turbine (CCGT) | AM10: x
A11: L100000405292 | B11: G100000404304 | C11: https://www.gem.wiki/Sumbagut_Gas_and_Steam_power_station | D11: Sumbagut Gas and Steam power station | E11: 300 | F11: announced | G11: 2030 | K11: 3.760031 | L11: 98.745965 | M11: Medan | N11: North Sumatra | O11: PLN | R11: Gas only | S11: PT PLN Nusantara Power [100%] | T11: PT PLN (Persero) [100.0%] | U11: Combined Cycle Gas Turbine (CCGT) | AM11: x
A12: L100000405292 | B12: G100000404305 | C12: https://www.gem.wiki/Sumbagut_Gas_and_Steam_power_station | D12: Sumbagut Gas and Steam power station | E12: 300 | F12: announced | G12: 2030 | K12: 3.760031 | L12: 98.745965 | M12: Medan | N12: North Sumatra | O12: PLN | R12: Gas only | S12: PT PLN Nusantara Power [100%] | T12: PT PLN (Persero) [100.0%] | U12: Combined Cycle Gas Turbine (CCGT) | AM12: x
A13: L100000406379 | B13: G100000406288 | C13: https://www.gem.wiki/Batubara_power_station | D13: Batubara power station | E13: 800 | F13: announced | G13: not found | K13: 3.285553 | L13: 99.508176 | M13: Perupuk | N13: North Sumatra | O13: Captive | R13: Gas only | S13: PT Hanlim Power Corp [100%] | T13: Hanlim Power Corp [100.0%] | U13: Combined Cycle Gas Turbine (CCGT) | AM13: x
A14: L100000405937 | B14: G100000405919 | C14: https://www.gem.wiki/Jawa-3_Combined_Cycle_power_station | D14: Jawa-3 Combined Cycle power station | E14: 800 | F14: announced | G14: 2027 | K14: -7.109509 | L14: 112.62168 | M14: not found | N14: East Java | O14: PLN | R14: Gas only | S14: PT PLN Nusantara Power [100%] | T14: PT PLN (Persero) [100.0%] | U14: Combined Cycle Gas Turbine (CCGT) | AM14: x
D15: Kalbar Sewa | E15: -55 | F15: announced (RUPTL 2025-2034) | G15: =H15 -> 2028 | H15: 2028 | J15: 2025-2029 | K15: =vlookup(D15,'upcoming, not in GEM'!A:D,3,false) -> 0 | L15: =vlookup(D15,'upcoming, not in GEM'!A:D,4,false) -> 111 | N15: =vlookup(D15,'upcoming, not in GEM'!A:B,2,false) -> West Kalimantan | O15: PLN | AL15: x
D16: Kalbar Sewa | E16: -50 | F16: announced (RUPTL 2025-2034) | G16: =H16 -> 2027 | H16: 2027 | J16: 2025-2029 | K16: =vlookup(D16,'upcoming, not in GEM'!A:D,3,false) -> 0 | L16: =vlookup(D16,'upcoming, not in GEM'!A:D,4,false) -> 111 | N16: =vlookup(D16,'upcoming, not in GEM'!A:B,2,false) -> West Kalimantan | O16: PLN | AL16: x
D17: Kalbar Sewa | E17: -50 | F17: announced (RUPTL 2025-2034) | G17: =I17 -> 2028 | I17: 2028 | J17: 2025-2029 | K17: =vlookup(D17,'upcoming, not in GEM'!A:D,3,false) -> 0 | L17: =vlookup(D17,'upcoming, not in GEM'!A:D,4,false) -> 111 | N17: =vlookup(D17,'upcoming, not in GEM'!A:B,2,false) -> West Kalimantan | O17: PLN | AL17: x
D18: Kalbar Sewa | E18: -35 | F18: announced (RUPTL 2025-2034) | G18: =I18 -> 2029 | I18: 2029 | J18: 2025-2029 | K18: =vlookup(D18,'upcoming, not in GEM'!A:D,3,false) -> 0 | L18: =vlookup(D18,'upcoming, not in GEM'!A:D,4,false) -> 111 | N18: =vlookup(D18,'upcoming, not in GEM'!A:B,2,false) -> West Kalimantan | O18: PLN | AL18: x
D19: Kalbar Sewa | E19: -20 | F19: announced (RUPTL 2025-2034) | G19: =I19 -> 2027 | I19: 2027 | J19: 2025-2029 | K19: =vlookup(D19,'upcoming, not in GEM'!A:D,3,false) -> 0 | L19: =vlookup(D19,'upcoming, not in GEM'!A:D,4,false) -> 111 | N19: =vlookup(D19,'upcoming, not in GEM'!A:B,2,false) -> West Kalimantan | O19: PLN | AL19: x
D20: Tobelo | E20: 10 | F20: announced (RUPTL 2025-2034) | G20: =I20 -> 2025 | H20: 2025 | I20: 2025 | J20: 2025-2029 | K20: =vlookup(D20,'upcoming, not in GEM'!A:D,3,false) -> 1.5 | L20: =vlookup(D20,'upcoming, not in GEM'!A:D,4,false) -> 127.8 | N20: =vlookup(D20,'upcoming, not in GEM'!A:B,2,false) -> North Maluku (Halmahera Island) | O20: PLN | AL20: x
D21: Sofifi | E21: 10 | F21: announced (RUPTL 2025-2034) | G21: =I21 -> 2026 | H21: 2026 | I21: 2026 | J21: 2025-2029 | K21: =vlookup(D21,'upcoming, not in GEM'!A:D,3,false) -> 0.7 | L21: =vlookup(D21,'upcoming, not in GEM'!A:D,4,false) -> 127.5 | N21: =vlookup(D21,'upcoming, not in GEM'!A:B,2,false) -> North Maluku | O21: PLN | AL21: x
D22: Merauke 4 | E22: 10 | F22: announced (RUPTL 2025-2034) | G22: =I22 -> 2027 | H22: 2027 | I22: 2027 | J22: 2025-2029 | K22: =vlookup(D22,'upcoming, not in GEM'!A:D,3,false) -> -6.7 | L22: =vlookup(D22,'upcoming, not in GEM'!A:D,4,false) -> 140.4 | N22: =vlookup(D22,'upcoming, not in GEM'!A:B,2,false) -> South Papua (Papua Island) | O22: PLN | AL22: x
D23: Nabire 3 | E23: 10 | F23: announced (RUPTL 2025-2034) | G23: =I23 -> 2030 | H23: 2030 | I23: 2030 | J23: 2030-2034 | K23: =vlookup(D23,'upcoming, not in GEM'!A:D,3,false) -> -3.5 | L23: =vlookup(D23,'upcoming, not in GEM'!A:D,4,false) -> 135.5 | N23: =vlookup(D23,'upcoming, not in GEM'!A:B,2,false) -> Central Papua (Papua Island) | O23: PLN | AL23: x
D24: Baubau 2 | E24: 15 | F24: announced (RUPTL 2025-2034) | G24: =I24 -> 2026 | H24: 2026 | I24: 2026 | J24: 2025-2029 | K24: -5.459424 | L24: 122.60595 | N24: =vlookup(D24,'upcoming, not in GEM'!A:B,2,false) -> Southeast Sulawesi | O24: PLN | AL24: x
D25: Baubau 2 | E25: 15 | F25: announced (RUPTL 2025-2034) | G25: =I25 -> 2027 | H25: 2027 | I25: 2027 | J25: 2025-2029 | K25: -5.459424 | L25: 122.60595 | N25: =vlookup(D25,'upcoming, not in GEM'!A:B,2,false) -> Southeast Sulawesi | O25: PLN | AL25: x
D26: Tobelo 2 | E26: 20 | F26: announced (RUPTL 2025-2034) | G26: =I26 -> 2025 | H26: 2025 | I26: 2025 | J26: 2025-2029 | K26: =vlookup(D26,'upcoming, not in GEM'!A:D,3,false) -> 1.5 | L26: =vlookup(D26,'upcoming, not in GEM'!A:D,4,false) -> 127.8 | N26: =vlookup(D26,'upcoming, not in GEM'!A:B,2,false) -> North Maluku (Halmahera Island) | O26: PLN | AL26: x
D27: MPP Manokwari | E27: 20 | F27: announced (RUPTL 2025-2034) | G27: =I27 -> 2025 | H27: 2025 | I27: 2025 | J27: 2025-2029 | K27: =vlookup(D27,'upcoming, not in GEM'!A:D,3,false) -> -0.8 | L27: =vlookup(D27,'upcoming, not in GEM'!A:D,4,false) -> 134 | N27: =vlookup(D27,'upcoming, not in GEM'!A:B,2,false) -> West Papua | O27: PLN | AL27: x
D28: IPP Sorong | E28: 20 | F28: announced (RUPTL 2025-2034) | G28: =I28 -> 2026 | H28: 2026 | I28: 2026 | J28: 2025-2029 | K28: -0.866667 | L28: 131.25 | N28: =vlookup(D28,'upcoming, not in GEM'!A:B,2,false) -> West Papua | O28: IPP | AL28: x
D29: Manokwari 3 | E29: 20 | F29: announced (RUPTL 2025-2034) | G29: =I29 -> 2026 | H29: 2026 | I29: 2026 | J29: 2025-2029 | K29: =vlookup(D29,'upcoming, not in GEM'!A:D,3,false) -> -0.8 | L29: =vlookup(D29,'upcoming, not in GEM'!A:D,4,false) -> 134 | N29: =vlookup(D29,'upcoming, not in GEM'!A:B,2,false) -> West Papua | O29: PLN | AL29: x
D30: Halmahera 1 | E30: 20 | F30: announced (RUPTL 2025-2034) | G30: =I30 -> 2027 | H30: 2027 | I30: 2027 | J30: 2025-2029 | K30: -1.5614331 | L30: 127.42103 | N30: =vlookup(D30,'upcoming, not in GEM'!A:B,2,false) -> North Maluku (Halmahera Island) | O30: PLN | AL30: x
D31: Manokwari 4 | E31: 20 | F31: announced (RUPTL 2025-2034) | G31: =I31 -> 2031 | H31: 2031 | I31: 2031 | J31: 2030-2034 | K31: =vlookup(D31,'upcoming, not in GEM'!A:D,3,false) -> -0.8 | L31: =vlookup(D31,'upcoming, not in GEM'!A:D,4,false) -> 134 | N31: =vlookup(D31,'upcoming, not in GEM'!A:B,2,false) -> West Papua | O31: PLN | AL31: x
D32: Subagteng | E32: 25 | F32: announced (RUPTL 2025-2034) | G32: =I32 -> 2028 | H32: 2028 | I32: 2028 | J32: 2025-2029 | K32: =vlookup(D32,'upcoming, not in GEM'!A:D,3,false) -> -0.609017 | L32: =vlookup(D32,'upcoming, not in GEM'!A:D,4,false) -> 100.7537 | N32: =vlookup(D32,'upcoming, not in GEM'!A:B,2,false) -> South and Central Sumatra or Sulawesi | O32: IPP | AL32: x
D33: Madura 3 | E33: 30 | F33: announced (RUPTL 2025-2034) | G33: =I33 -> 2025 | H33: 2025 | I33: 2025 | J33: 2025-2029 | K33: =vlookup(D33,'upcoming, not in GEM'!A:D,3,false) -> -7 | L33: =vlookup(D33,'upcoming, not in GEM'!A:D,4,false) -> 113.3 | N33: =vlookup(D33,'upcoming, not in GEM'!A:B,2,false) -> East Java (Madura Island) | O33: PLN | AL33: x
D34: MPP Sambelia | E34: 30 | F34: announced (RUPTL 2025-2034) | G34: =I34 -> 2026 | H34: 2026 | I34: 2026 | J34: 2025-2029 | K34: =vlookup(D34,'upcoming, not in GEM'!A:D,3,false) -> -8.5 | L34: =vlookup(D34,'upcoming, not in GEM'!A:D,4,false) -> 116.3 | N34: =vlookup(D34,'upcoming, not in GEM'!A:B,2,false) -> West Nusa Tenggara (Lombok Island) | O34: PLN | AL34: x
D35: Kupang 2 | E35: 30 | F35: announced (RUPTL 2025-2034) | G35: =I35 -> 2027 | H35: 2027 | I35: 2027 | J35: 2025-2029 | K35: =vlookup(D35,'upcoming, not in GEM'!A:D,3,false) -> -10 | L35: =vlookup(D35,'upcoming, not in GEM'!A:D,4,false) -> 123.5 | N35: =vlookup(D35,'upcoming, not in GEM'!A:B,2,false) -> East Nusa Tenggara (Timor Island) | O35: PLN | AL35: x
D36: Kupang 2 | E36: 30 | F36: announced (RUPTL 2025-2034) | G36: =I36 -> 2028 | I36: 2028 | J36: 2025-2029 | K36: =vlookup(D36,'upcoming, not in GEM'!A:D,3,false) -> -10 | L36: =vlookup(D36,'upcoming, not in GEM'!A:D,4,false) -> 123.5 | N36: =vlookup(D36,'upcoming, not in GEM'!A:B,2,false) -> East Nusa Tenggara (Timor Island) | O36: PLN | AL36: x
D37: Luwuk | E37: 40 | F37: announced (RUPTL 2025-2034) | G37: =I37 -> 2025 | H37: 2025 | I37: 2025 | J37: 2025-2029 | K37: =vlookup(D37,'upcoming, not in GEM'!A:D,3,false) -> -1 | L37: =vlookup(D37,'upcoming, not in GEM'!A:D,4,false) -> 122.8 | N37: =vlookup(D37,'upcoming, not in GEM'!A:B,2,false) -> Central Sulawesi | O37: PLN | AL37: x
D38: Ambon 2 | E38: 50 | F38: announced (RUPTL 2025-2034) | G38: =H38 -> 2025 | H38: 2025 | I38: 2025 | J38: 2025-2029 | K38: -3.705 | L38: 128.17 | N38: =vlookup(D38,'upcoming, not in GEM'!A:B,2,false) -> Maluku (Ambon Island) | O38: PLN | AL38: x
D39: Tarakan | E39: 50 | F39: announced (RUPTL 2025-2034) | G39: =H39 -> 2027 | H39: 2027 | J39: 2025-2029 | K39: =vlookup(D39,'upcoming, not in GEM'!A:D,3,false) -> 3.3 | L39: =vlookup(D39,'upcoming, not in GEM'!A:D,4,false) -> 117.6 | N39: =vlookup(D39,'upcoming, not in GEM'!A:B,2,false) -> North Kalimantan (Tarakan Island) | O39: PLN | AL39: x
A40: L100001056427 | B40: G100001064468 | C40: https://www.gem.wiki/Minahasa_power_station | D40: Minahasa | E40: 50 | F40: announced (RUPTL 2025-2034) | G40: =I40 -> 2027 | H40: 2027 | I40: 2027 | J40: 2025-2029 | K40: =vlookup(D40,'upcoming, not in GEM'!A:D,3,false) -> 1 | L40: =vlookup(D40,'upcoming, not in GEM'!A:D,4,false) -> 124.8 | N40: =vlookup(D40,'upcoming, not in GEM'!A:B,2,false) -> North Sulawesi | O40: PLN | R40: Gas only | S40: PT PLN (Persero) | T40: PT PLN (Persero) | U40: Open Cycle Gas Turbine (OCGT) | AL40: x | AN40: x
D41: Tarakan | E41: 50 | F41: announced (RUPTL 2025-2034) | G41: =I41 -> 2027 | I41: 2027 | J41: 2025-2029 | K41: =vlookup(D41,'upcoming, not in GEM'!A:D,3,false) -> 3.3 | L41: =vlookup(D41,'upcoming, not in GEM'!A:D,4,false) -> 117.6 | N41: =vlookup(D41,'upcoming, not in GEM'!A:B,2,false) -> North Kalimantan (Tarakan Island) | O41: PLN | AL41: x
D42: Kupang 2 | E42: 50 | F42: announced (RUPTL 2025-2034) | G42: =H42 -> 2028 | H42: 2028 | J42: 2025-2029 | K42: =vlookup(D42,'upcoming, not in GEM'!A:D,3,false) -> -10 | L42: =vlookup(D42,'upcoming, not in GEM'!A:D,4,false) -> 123.5 | N42: =vlookup(D42,'upcoming, not in GEM'!A:B,2,false) -> East Nusa Tenggara (Timor Island) | O42: PLN | AL42: x
D43: Timor 2 | E43: 50 | F43: announced (RUPTL 2025-2034) | G43: =I43 -> 2028 | H43: 2028 | I43: 2028 | J43: 2025-2029 | K43: =vlookup(D43,'upcoming, not in GEM'!A:D,3,false) -> -10 | L43: =vlookup(D43,'upcoming, not in GEM'!A:D,4,false) -> 123.5 | N43: =vlookup(D43,'upcoming, not in GEM'!A:B,2,false) -> East Nusa Tenggara (Timor Island) | O43: PLN | AL43: x
D44: Kalbar-3 | E44: 50 | F44: announced (RUPTL 2025-2034) | G44: =H44 -> 2029 | H44: 2029 | J44: 2025-2029 | K44: 0.341989 | L44: 108.94031 | N44: =vlookup(D44,'upcoming, not in GEM'!A:B,2,false) -> West Kalimantan | O44: PLN | AL44: x
A45: L100001056426 | B45: G100001064466 | C45: https://www.gem.wiki/Kalselteng_power_station | D45: Add-On Kalselteng | E45: 50 | F45: announced (RUPTL 2025-2034) | G45: =I45 -> 2030 | I45: 2030 | J45: 2030-2034 | K45: =vlookup(D45,'upcoming, not in GEM'!A:D,3,false) -> -3 | L45: =vlookup(D45,'upcoming, not in GEM'!A:D,4,false) -> 114.5 | N45: =vlookup(D45,'upcoming, not in GEM'!A:B,2,false) -> South Kalimantan and Central Kalimantan | O45: PLN | R45: Gas only | S45: PT PLN (Persero) | T45: PT PLN (Persero) | U45: Open Cycle Gas Turbine (OCGT) | AL45: x | AN45: x
A46: L100001056425 | B46: G100001064464 | C46: https://www.gem.wiki/Kaltara_power_station | D46: Add-On Kaltara / Kaltimra | E46: 50 | F46: announced (RUPTL 2025-2034) | G46: =I46 -> 2030 | I46: 2030 | J46: 2030-2034 | K46: 1.227 | L46: 114.577 | N46: =vlookup(D46,'upcoming, not in GEM'!A:B,2,false) -> North Kalimantan and East Kalimantan | O46: PLN | R46: Gas only | S46: PT PLN (Persero) | T46: PT PLN (Persero) | U46: Open Cycle Gas Turbine (OCGT) | AL46: x | AN46: x
D47: Timor 2 | E47: 50 | F47: announced (RUPTL 2025-2034) | G47: =I47 -> 2031 | H47: 2031 | I47: 2031 | J47: 2030-2034 | K47: =vlookup(D47,'upcoming, not in GEM'!A:D,3,false) -> -10 | L47: =vlookup(D47,'upcoming, not in GEM'!A:D,4,false) -> 123.5 | N47: =vlookup(D47,'upcoming, not in GEM'!A:B,2,false) -> East Nusa Tenggara (Timor Island) | O47: PLN | AL47: x
D48: Timor 3 | E48: 50 | F48: announced (RUPTL 2025-2034) | G48: =I48 -> 2032 | H48: 2032 | I48: 2032 | J48: 2030-2034 | K48: =vlookup(D48,'upcoming, not in GEM'!A:D,3,false) -> -10 | L48: =vlookup(D48,'upcoming, not in GEM'!A:D,4,false) -> 123.5 | N48: =vlookup(D48,'upcoming, not in GEM'!A:B,2,false) -> East Nusa Tenggara (Timor Island) | O48: PLN | AL48: x
D49: Lombok 5 | E49: 50 | F49: announced (RUPTL 2025-2034) | G49: =I49 -> 2033 | H49: 2033 | I49: 2033 | J49: 2030-2034 | K49: =vlookup(D49,'upcoming, not in GEM'!A:D,3,false) -> -8.5 | L49: =vlookup(D49,'upcoming, not in GEM'!A:D,4,false) -> 116.3 | N49: =vlookup(D49,'upcoming, not in GEM'!A:B,2,false) -> West Nusa Tenggara (Lombok Island) | O49: PLN | AL49: x
D50: Lombok 5 | E50: 50 | F50: announced (RUPTL 2025-2034) | G50: =I50 -> 2034 | H50: 2034 | I50: 2034 | J50: 2030-2034 | K50: =vlookup(D50,'upcoming, not in GEM'!A:D,3,false) -> -8.5 | L50: =vlookup(D50,'upcoming, not in GEM'!A:D,4,false) -> 116.3 | N50: =vlookup(D50,'upcoming, not in GEM'!A:B,2,false) -> West Nusa Tenggara (Lombok Island) | O50: PLN | AL50: x
D51: Timor 3 | E51: 50 | F51: announced (RUPTL 2025-2034) | G51: =I51 -> 2034 | H51: 2034 | I51: 2034 | J51: 2030-2034 | K51: =vlookup(D51,'upcoming, not in GEM'!A:D,3,false) -> -10 | L51: =vlookup(D51,'upcoming, not in GEM'!A:D,4,false) -> 123.5 | N51: =vlookup(D51,'upcoming, not in GEM'!A:B,2,false) -> East Nusa Tenggara (Timor Island) | O51: PLN | AL51: x
D52: Kaltim Add-on Blok 2 | E52: 80 | F52: announced (RUPTL 2025-2034) | G52: =H52 -> 2027 | H52: 2027 | J52: 2025-2029 | K52: =vlookup(D52,'upcoming, not in GEM'!A:D,3,false) -> -0.5 | L52: =vlookup(D52,'upcoming, not in GEM'!A:D,4,false) -> 116.5 | N52: =vlookup(D52,'upcoming, not in GEM'!A:B,2,false) -> East Kalimantan | O52: PLN | AL52: x
D53: Kaltim Add-on Blok 2 | E53: 80 | F53: announced (RUPTL 2025-2034) | G53: =I53 -> 2027 | I53: 2027 | J53: 2025-2029 | K53: =vlookup(D53,'upcoming, not in GEM'!A:D,3,false) -> -0.5 | L53: =vlookup(D53,'upcoming, not in GEM'!A:D,4,false) -> 116.5 | N53: =vlookup(D53,'upcoming, not in GEM'!A:B,2,false) -> East Kalimantan | O53: PLN | AL53: x
A54: L100001056428 | B54: G100001064469 | C54: https://www.gem.wiki/Sumatera/Banda_Aceh_power_station | D54: Sumatera / Banda Aceh | E54: 80 | F54: announced (RUPTL 2025-2034) | G54: =H54 -> 2028 | H54: 2028 | I54: 2028 | J54: 2025-2029 | K54: =vlookup(D54,'upcoming, not in GEM'!A:D,3,false) -> 5.5 | L54: =vlookup(D54,'upcoming, not in GEM'!A:D,4,false) -> 95.3 | N54: =vlookup(D54,'upcoming, not in GEM'!A:B,2,false) -> Aceh (Sumatra Island) | O54: PLN | R54: Gas only | S54: PT PLN (Persero) | T54: PT PLN (Persero) | U54: Open Cycle Gas Turbine (OCGT) | AL54: x | AN54: x
A55: L100000102829 | B55: G100001063994 | C55: https://www.gem.wiki/Lombok_2_power_station | D55: Lombok 2 | E55: 100 | F55: announced (RUPTL 2025-2034) | G55: =I55 -> 2026 | H55: 2026 | I55: 2026 | J55: 2025-2029 | K55: =vlookup(D55,'upcoming, not in GEM'!A:D,3,false) -> -8.5 | L55: =vlookup(D55,'upcoming, not in GEM'!A:D,4,false) -> 116.3 | N55: =vlookup(D55,'upcoming, not in GEM'!A:B,2,false) -> West Nusa Tenggara (Lombok Island) | O55: PLN | R55: Multi fuel | S55: PT PLN (Persero) | T55: PT PLN (Persero) | U55: ICCC | AL55: x | AN55: x
A56: L100001056427 | B56: G100001064467 | C56: https://www.gem.wiki/Minahasa_power_station | D56: Minahasa | E56: 100 | F56: announced (RUPTL 2025-2034) | G56: =I56 -> 2026 | H56: 2026 | I56: 2026 | J56: 2025-2029 | K56: =vlookup(D56,'upcoming, not in GEM'!A:D,3,false) -> 1 | L56: =vlookup(D56,'upcoming, not in GEM'!A:D,4,false) -> 124.8 | N56: =vlookup(D56,'upcoming, not in GEM'!A:B,2,false) -> North Sulawesi | O56: PLN | R56: Gas only | S56: PT PLN (Persero) | T56: PT PLN (Persero) | U56: Open Cycle Gas Turbine (OCGT) | AL56: x | AN56: x
A57: L100001056424 | B57: G100001064462 | C57: https://www.gem.wiki/Kalteng_power_station | D57: Kalteng | E57: 100 | F57: announced (RUPTL 2025-2034) | G57: =H57 -> 2027 | H57: 2027 | J57: 2025-2029 | K57: =vlookup(D57,'upcoming, not in GEM'!A:D,3,false) -> -1.5 | L57: =vlookup(D57,'upcoming, not in GEM'!A:D,4,false) -> 113.5 | N57: =vlookup(D57,'upcoming, not in GEM'!A:B,2,false) -> Central Kalimantan | O57: PLN | R57: Multi fuel | S57: PT PLN (Persero) | T57: PT PLN (Persero) | U57: Combined Cycle Gas Turbine (CCGT) | AL57: x | AN57: x
A58: L100001056425 | B58: G100001064463 | C58: https://www.gem.wiki/Kaltara_power_station | D58: Kaltara/Kaltimra | E58: 100 | F58: announced (RUPTL 2025-2034) | G58: =H58 -> 2027 | H58: 2027 | J58: 2025-2029 | K58: =vlookup(D58,'upcoming, not in GEM'!A:D,3,false) -> 3 | L58: =vlookup(D58,'upcoming, not in GEM'!A:D,4,false) -> 116 | N58: =vlookup(D58,'upcoming, not in GEM'!A:B,2,false) -> North Kalimantan and East Kalimantan | O58: PLN | R58: Gas only | S58: PT PLN (Persero) | T58: PT PLN (Persero) | U58: Open Cycle Gas Turbine (OCGT) | AL58: x | AN58: x
A59: L100000102830 | B59: G100001063996 | C59: https://www.gem.wiki/Lombok_3_power_station | D59: Lombok 3 | E59: 100 | F59: announced (RUPTL 2025-2034) | G59: =I59 -> 2027 | H59: 2027 | I59: 2027 | J59: 2025-2029 | K59: =vlookup(D59,'upcoming, not in GEM'!A:D,3,false) -> -8.5 | L59: =vlookup(D59,'upcoming, not in GEM'!A:D,4,false) -> 116.3 | N59: =vlookup(D59,'upcoming, not in GEM'!A:B,2,false) -> West Nusa Tenggara (Lombok Island) | O59: PLN | R59: Multi fuel | S59: PT PLN (Persero) | T59: PT PLN (Persero) | U59: ICCC | AL59: x | AN59: x
D60: Kaltara / Kaltimra | E60: 100 | F60: announced (RUPTL 2025-2034) | G60: =I60 -> 2027 | I60: 2027 | J60: 2025-2029 | K60: =vlookup(D60,'upcoming, not in GEM'!A:D,3,false) -> 3 | L60: =vlookup(D60,'upcoming, not in GEM'!A:D,4,false) -> 116 | N60: =vlookup(D60,'upcoming, not in GEM'!A:B,2,false) -> North Kalimantan and East Kalimantan | O60: PLN | AL60: x
A61: L100001056426 | B61: G100001064465 | C61: https://www.gem.wiki/Kalselteng_power_station | D61: Kalselteng | E61: 100 | F61: announced (RUPTL 2025-2034) | G61: =I61 -> 2027 | I61: 2027 | J61: 2025-2029 | K61: =vlookup(D61,'upcoming, not in GEM'!A:D,3,false) -> -3 | L61: =vlookup(D61,'upcoming, not in GEM'!A:D,4,false) -> 114.5 | N61: =vlookup(D61,'upcoming, not in GEM'!A:B,2,false) -> South Kalimantan and Central Kalimantan | O61: PLN | R61: Gas only | S61: PT PLN (Persero) | T61: PT PLN (Persero) | U61: Open Cycle Gas Turbine (OCGT) | AL61: x | AN61: x
A62: L100000102724 | B62: G100000404307 | C62: https://www.gem.wiki/Madura_PTBA_power_station | D62: Madura 2 | E62: 100 | F62: announced (RUPTL 2025-2034) | G62: =I62 -> 2028 | H62: 2028 | I62: 2028 | J62: 2025-2029 | K62: =vlookup(D62,'upcoming, not in GEM'!A:D,3,false) -> -7 | L62: =vlookup(D62,'upcoming, not in GEM'!A:D,4,false) -> 113.3 | N62: =vlookup(D62,'upcoming, not in GEM'!A:B,2,false) -> East Java (Madura Island) | O62: PLN | R62: Multi fuel | S62: PT PLN (Persero) | T62: PT PLN (Persero) | U62: Combined Cycle Gas Turbine (CCGT) | AL62: x | AN62: x
A63: L100001056419 | B63: G100001064456 | C63: https://www.gem.wiki/Kalimantan_2_power_station | D63: Kalimantan-2 | E63: 100 | F63: announced (RUPTL 2025-2034) | G63: =H63 -> 2029 | H63: 2029 | J63: 2025-2029 | K63: =vlookup(D63,'upcoming, not in GEM'!A:D,3,false) -> -0.5 | L63: =vlookup(D63,'upcoming, not in GEM'!A:D,4,false) -> 114.5 | N63: =vlookup(D63,'upcoming, not in GEM'!A:B,2,false) -> Kalimantan Region (various) | O63: PLN | AL63: x | AN63: x
A64: L100000102724 | B64: G100001064385 | C64: https://www.gem.wiki/Madura_PTBA_power_station | D64: Madura 2 | E64: 100 | F64: announced (RUPTL 2025-2034) | G64: =I64 -> 2029 | H64: 2029 | I64: 2029 | J64: 2025-2029 | K64: =vlookup(D64,'upcoming, not in GEM'!A:D,3,false) -> -7 | L64: =vlookup(D64,'upcoming, not in GEM'!A:D,4,false) -> 113.3 | N64: =vlookup(D64,'upcoming, not in GEM'!A:B,2,false) -> East Java (Madura Island) | O64: PLN | R64: Multi fuel | S64: PT PLN (Persero) | T64: PT PLN (Persero) | U64: Combined Cycle Gas Turbine (CCGT) | AL64: x | AN64: x
A65: L100000104579 | B65: G100001063998 | C65: https://www.gem.wiki/Lombok_4_power_station | D65: Lombok 4 | E65: 100 | F65: announced (RUPTL 2025-2034) | G65: =I65 -> 2030 | H65: 2030 | I65: 2030 | J65: 2030-2034 | K65: =vlookup(D65,'upcoming, not in GEM'!A:D,3,false) -> -8.5 | L65: =vlookup(D65,'upcoming, not in GEM'!A:D,4,false) -> 116.3 | N65: =vlookup(D65,'upcoming, not in GEM'!A:B,2,false) -> West Nusa Tenggara (Lombok Island) | O65: PLN | AL65: x | AN65: x
A66: L100001056423 | B66: G100001064461 | C66: https://www.gem.wiki/Kalbar_sewa_power_station | D66: Kalbar Sewa | E66: 105 | F66: announced (RUPTL 2025-2034) | G66: =I66 -> 2025 | H66: 2025 | I66: 2025 | J66: 2025-2029 | K66: =vlookup(D66,'upcoming, not in GEM'!A:D,3,false) -> 0 | L66: =vlookup(D66,'upcoming, not in GEM'!A:D,4,false) -> 111 | N66: =vlookup(D66,'upcoming, not in GEM'!A:B,2,false) -> West Kalimantan | O66: PLN | AL66: x | AN66: x
A67: L100001056412 | B67: G100001064449 | C67: https://www.gem.wiki/MPP_Sulselbar_power_station | D67: MPP Sulselbar | E67: 120 | F67: announced (RUPTL 2025-2034) | G67: =I67 -> 2025 | H67: 2025 | I67: 2025 | J67: 2025-2029 | K67: =vlookup(D67,'upcoming, not in GEM'!A:D,3,false) -> -3.5 | L67: =vlookup(D67,'upcoming, not in GEM'!A:D,4,false) -> 120 | N67: =vlookup(D67,'upcoming, not in GEM'!A:B,2,false) -> South Sulawesi and West Sulawesi | O67: PLN | R67: Gas only | S67: PT PLN (Persero) | T67: PT PLN (Persero) | U67: internal combustion | AL67: x | AN67: x
A68: L100001056410 | B68: G100001064447 | C68: https://www.gem.wiki/Sumbagsel_power_station | D68: Sumbagsel | E68: 150 | F68: announced (RUPTL 2025-2034) | G68: =I68 -> 2026 | H68: 2026 | I68: 2026 | J68: 2025-2029 | K68: =vlookup(D68,'upcoming, not in GEM'!A:D,3,false) -> -3.5 | L68: =vlookup(D68,'upcoming, not in GEM'!A:D,4,false) -> 103.5 | N68: =vlookup(D68,'upcoming, not in GEM'!A:B,2,false) -> South Sumatra Region | O68: IPP | R68: Multi fuel | S68: PT PLN (Persero) | T68: PT PLN (Persero) | U68: Combined Cycle Gas Turbine (CCGT) | AL68: x | AN68: x
A69: L100001056418 | B69: G100001064455 | C69: https://www.gem.wiki/Kalimantan_1_power_station | D69: Kalimantan-1 | E69: 150 | F69: announced (RUPTL 2025-2034) | G69: =H69 -> 2028 | H69: 2028 | J69: 2025-2029 | K69: -1.370796 | L69: 113.5672 | N69: =vlookup(D69,'upcoming, not in GEM'!A:B,2,false) -> Kalimantan Region (various) | O69: PLN | R69: Multi fuel | S69: PT PLN (Persero) | T69: PT PLN (Persero) | U69: Combined Cycle Gas Turbine (CCGT) | AL69: x | AN69: x
A70: L100001056406 | B70: G100001064443 | C70: https://www.gem.wiki/Kalimantan_sewa_power_station | D70: Kalimantan Sewa | E70: 157 | F70: announced (RUPTL 2025-2034) | G70: =I70 -> 2025 | H70: 2025 | I70: 2025 | J70: 2025-2029 | K70: =vlookup(D70,'upcoming, not in GEM'!A:D,3,false) -> -0.5 | L70: =vlookup(D70,'upcoming, not in GEM'!A:D,4,false) -> 114.5 | N70: =vlookup(D70,'upcoming, not in GEM'!A:B,2,false) -> Kalimantan Region (various) | O70: PLN | R70: Gas only | S70: PT PLN (Persero) | T70: PT PLN (Persero) | U70: Open Cycle Gas Turbine (OCGT) | AL70: x | AN70: x
A71: L100001056038 | B71: G100001064018 | C71: https://www.gem.wiki/Sulbagsel_power_station | D71: Sulbagsel | E71: 200 | F71: announced (RUPTL 2025-2034) | G71: =I71 -> 2025 | H71: 2025 | I71: 2025 | J71: 2025-2029 | K71: =vlookup(D71,'upcoming, not in GEM'!A:D,3,false) -> -3.5 | L71: =vlookup(D71,'upcoming, not in GEM'!A:D,4,false) -> 120 | N71: =vlookup(D71,'upcoming, not in GEM'!A:B,2,false) -> South Sulawesi and West Sulawesi | O71: PLN | R71: Multi fuel | S71: PT PLN (Persero) | T71: PT PLN (Persero) | U71: Combined Cycle Gas Turbine (CCGT) | AL71: x | AN71: x
A72: L100001056032 | B72: G100001064009 | C72: https://www.gem.wiki/MPP_Indonesia_1 | D72: MPP Indonesia 1 | E72: 200 | F72: announced (RUPTL 2025-2034) | G72: =I72 -> 2025 | H72: 2025 | I72: 2025 | J72: 2025-2029 | K72: =vlookup(D72,'upcoming, not in GEM'!A:D,3,false) -> -6.7 | L72: =vlookup(D72,'upcoming, not in GEM'!A:D,4,false) -> 107.5 | N72: =vlookup(D72,'upcoming, not in GEM'!A:B,2,false) -> Varies, possibly Java or Sumatra | O72: PLN | AL72: x | AN72: x
A73: L100001056033 | B73: G100001064011 | C73: https://www.gem.wiki/MPP_Indonesia_2 | D73: MPP Indonesia 2 | E73: 200 | F73: announced (RUPTL 2025-2034) | G73: =I73 -> 2025 | H73: 2025 | I73: 2025 | J73: 2025-2029 | K73: =vlookup(D73,'upcoming, not in GEM'!A:D,3,false) -> -6.7 | L73: =vlookup(D73,'upcoming, not in GEM'!A:D,4,false) -> 107.5 | N73: =vlookup(D73,'upcoming, not in GEM'!A:B,2,false) -> Varies, possibly Java or Sumatra | O73: PLN | AL73: x | AN73: x
A74: L100001056035 | B74: G100001064013 | C74: https://www.gem.wiki/MPP_Indonesia_3 | D74: MPP Indonesia 3 | E74: 200 | F74: announced (RUPTL 2025-2034) | G74: =I74 -> 2025 | H74: 2025 | I74: 2025 | J74: 2025-2029 | K74: =vlookup(D74,'upcoming, not in GEM'!A:D,3,false) -> -6.7 | L74: =vlookup(D74,'upcoming, not in GEM'!A:D,4,false) -> 107.5 | N74: =vlookup(D74,'upcoming, not in GEM'!A:B,2,false) -> Varies, possibly Java or Sumatra | O74: PLN | AL74: x | AN74: x
A75: L100000104395 | B75: G100001064356 | C75: https://www.gem.wiki/Bali_Power_Station | D75: Bali | E75: 200 | F75: announced (RUPTL 2025-2034) | G75: =I75 -> 2026 | H75: 2026 | I75: 2026 | J75: 2025-2029 | K75: =vlookup(D75,'upcoming, not in GEM'!A:D,3,false) -> -8.3 | L75: =vlookup(D75,'upcoming, not in GEM'!A:D,4,false) -> 115.2 | N75: =vlookup(D75,'upcoming, not in GEM'!A:B,2,false) -> Bali | O75: PLN | R75: Gas only | S75: PT PLN (Persero) | T75: PT PLN (Persero) | U75: internal combustion | AL75: x | AN75: x
A76: L100001056036 | B76: G100001064016 | C76: https://www.gem.wiki/Kluster_Poci_power_station | D76: Kluster Poci | E76: 200 | F76: announced (RUPTL 2025-2034) | G76: =I76 -> 2027 | H76: 2027 | I76: 2027 | J76: 2025-2029 | K76: =vlookup(D76,'upcoming, not in GEM'!A:D,3,false) -> -6.7 | L76: =vlookup(D76,'upcoming, not in GEM'!A:D,4,false) -> 107.5 | N76: =vlookup(D76,'upcoming, not in GEM'!A:B,2,false) -> Varies, typically Java or Sumatra | O76: PLN | R76: Multi fuel | S76: PT PLN (Persero) | T76: PT PLN (Persero) | U76: Combined Cycle Gas Turbine (CCGT) | AL76: x | AN76: x
A77: L100001056032 | B77: G100001064010 | C77: https://www.gem.wiki/MPP_Indonesia_1 | D77: MPP Indonesia 1 | E77: 200 | F77: announced (RUPTL 2025-2034) | G77: =I77 -> 2030 | H77: 2030 | I77: 2030 | J77: 2030-2034 | K77: =vlookup(D77,'upcoming, not in GEM'!A:D,3,false) -> -6.7 | L77: =vlookup(D77,'upcoming, not in GEM'!A:D,4,false) -> 107.5 | N77: =vlookup(D77,'upcoming, not in GEM'!A:B,2,false) -> Varies, possibly Java or Sumatra | O77: PLN | AL77: x | AN77: x
A78: L100001056033 | B78: G100001064012 | C78: https://www.gem.wiki/MPP_Indonesia_2 | D78: MPP Indonesia 2 | E78: 200 | F78: announced (RUPTL 2025-2034) | G78: =I78 -> 2030 | H78: 2030 | I78: 2030 | J78: 2030-2034 | K78: =vlookup(D78,'upcoming, not in GEM'!A:D,3,false) -> -6.7 | L78: =vlookup(D78,'upcoming, not in GEM'!A:D,4,false) -> 107.5 | N78: =vlookup(D78,'upcoming, not in GEM'!A:B,2,false) -> Varies, possibly Java or Sumatra | O78: PLN | AL78: x | AN78: x
A79: L100001056035 | B79: G100001064014 | C79: https://www.gem.wiki/MPP_Indonesia_3 | D79: MPP Indonesia 3 | E79: 200 | F79: announced (RUPTL 2025-2034) | G79: =I79 -> 2030 | H79: 2030 | I79: 2030 | J79: 2030-2034 | K79: =vlookup(D79,'upcoming, not in GEM'!A:D,3,false) -> -6.7 | L79: =vlookup(D79,'upcoming, not in GEM'!A:D,4,false) -> 107.5 | N79: =vlookup(D79,'upcoming, not in GEM'!A:B,2,false) -> Varies, possibly Java or Sumatra | O79: PLN | AL79: x | AN79: x
A80: L100001056393 | B80: G100001064428 | C80: https://www.gem.wiki/Kalbar-1_gas_power_station | D80: Kalbar-1 | E80: 250 | F80: announced (RUPTL 2025-2034) | G80: =I80 -> 2026 | H80: 2026 | I80: 2026 | J80: 2025-2029 | K80: 0.05798 | L80: 109.20362 | N80: =vlookup(D80,'upcoming, not in GEM'!A:B,2,false) -> West Kalimantan | O80: PLN | R80: Multi fuel | S80: PT PLN (Persero) | T80: PT PLN (Persero) | U80: Combined Cycle Gas Turbine (CCGT) | AL80: x | AN80: x
A81: L100001056117 | B81: G100001064103 | C81: https://www.gem.wiki/Kaltim-1_power_station | D81: Kaltim-1 | E81: 250 | F81: announced (RUPTL 2025-2034) | G81: =I81 -> 2026 | H81: 2026 | I81: 2026 | J81: 2025-2029 | K81: =vlookup(D81,'upcoming, not in GEM'!A:D,3,false) -> -0.5 | L81: =vlookup(D81,'upcoming, not in GEM'!A:D,4,false) -> 116.5 | N81: =vlookup(D81,'upcoming, not in GEM'!A:B,2,false) -> East Kalimantan | O81: PLN | R81: Multi fuel | S81: PT PLN (Persero) | T81: PT PLN (Persero) | U81: Combined Cycle Gas Turbine (CCGT) | AL81: x | AN81: x
A82: L100000102724 | B82: G100001064386 | C82: https://www.gem.wiki/Madura_PTBA_power_station | D82: Madura 2 | E82: 265 | F82: announced (RUPTL 2025-2034) | G82: =I82 -> 2030 | H82: 2030 | I82: 2030 | J82: 2030-2034 | K82: =vlookup(D82,'upcoming, not in GEM'!A:D,3,false) -> -7 | L82: =vlookup(D82,'upcoming, not in GEM'!A:D,4,false) -> 113.3 | N82: =vlookup(D82,'upcoming, not in GEM'!A:B,2,false) -> East Java (Madura Island) | O82: PLN | R82: Multi fuel | S82: PT PLN (Persero) | T82: PT PLN (Persero) | U82: Combined Cycle Gas Turbine (CCGT) | AL82: x | AN82: x
A83: L100001056332 | B83: G100001064359 | C83: https://www.gem.wiki/Bali_rental_power_station | D83: Bali 3 | E83: 280 | F83: announced (RUPTL 2025-2034) | G83: =I83 -> 2025 | H83: 2025 | I83: 2025 | J83: 2025-2029 | K83: -8.71645 | L83: 115.21332 | N83: =vlookup(D83,'upcoming, not in GEM'!A:B,2,false) -> Bali | O83: PLN | R83: Multi fuel | S83: PT PLN (Persero) | T83: PT PLN (Persero) | U83: ICCC | AL83: x | AN83: x
A84: L100000104577 | B84: G100001064005 | C84: https://www.gem.wiki/Sulbagsel-2_power_station | D84: Sulbagsel 2 | E84: 300 | F84: announced (RUPTL 2025-2034) | G84: =I84 -> 2027 | H84: 2027 | I84: 2027 | J84: 2025-2029 | K84: =vlookup(D84,'upcoming, not in GEM'!A:D,3,false) -> -3.5 | L84: =vlookup(D84,'upcoming, not in GEM'!A:D,4,false) -> 120 | N84: =vlookup(D84,'upcoming, not in GEM'!A:B,2,false) -> South Sulawesi and West Sulawesi | O84: IPP | R84: Multi fuel | S84: PT PLN (Persero) | T84: PT PLN (Persero) | U84: Combined Cycle Gas Turbine (CCGT) | AL84: x | AN84: x
A85: L100001056192 | B85: G100001064194 | C85: https://www.gem.wiki/Jawa-Bali_4_power_station | D85: Jawa-Bali-4 | E85: 300 | F85: announced (RUPTL 2025-2034) | G85: =I85 -> 2029 | H85: 2029 | I85: 2029 | J85: 2025-2029 | K85: -7.6753 | L85: 109.0965 | N85: =vlookup(D85,'upcoming, not in GEM'!A:B,2,false) -> Java or Bali | O85: PLN | R85: Gas only | S85: PT PLN (Persero) | T85: PT PLN (Persero) | U85: Open Cycle Gas Turbine (OCGT) | AL85: x | AN85: x
A86: L100001056193 | B86: G100001064195 | C86: https://www.gem.wiki/Jawa-Bali_5_power_station | D86: Jawa-Bali-5 | E86: 300 | F86: announced (RUPTL 2025-2034) | G86: =I86 -> 2029 | H86: 2029 | I86: 2029 | J86: 2025-2029 | K86: -7.6753 | L86: 109.0965 | N86: =vlookup(D86,'upcoming, not in GEM'!A:B,2,false) -> Java or Bali | O86: PLN | R86: Multi fuel | S86: PT PLN (Persero) | T86: PT PLN (Persero) | U86: Combined Cycle Gas Turbine (CCGT) | AL86: x | AN86: x
A87: L100001056334 | B87: G100001064362 | C87: https://www.gem.wiki/Sumbagsel-2_power_station | D87: Sumbagsel-2 | E87: 300 | F87: announced (RUPTL 2025-2034) | G87: =I87 -> 2029 | H87: 2029 | I87: 2029 | J87: 2025-2029 | K87: =vlookup(D87,'upcoming, not in GEM'!A:D,3,false) -> -3.5 | L87: =vlookup(D87,'upcoming, not in GEM'!A:D,4,false) -> 103.5 | N87: =vlookup(D87,'upcoming, not in GEM'!A:B,2,false) -> South Sumatra Region | O87: PLN | R87: Gas only | S87: PT PLN (Persero) | T87: PT PLN (Persero) | U87: Open Cycle Gas Turbine (OCGT) | AL87: x | AN87: x
A88: L100001056189 | B88: G100001064191 | C88: https://www.gem.wiki/Jawa-Bali_2_power_station | D88: Jawa-Bali-2 | E88: 450 | F88: announced (RUPTL 2025-2034) | G88: =I88 -> 2027 | H88: 2027 | I88: 2027 | J88: 2025-2029 | K88: -7.6753 | L88: 109.0965 | N88: =vlookup(D88,'upcoming, not in GEM'!A:B,2,false) -> Java or Bali | O88: PLN | R88: Multi fuel | S88: PT PLN (Persero) | T88: PT PLN (Persero) | U88: Combined Cycle Gas Turbine (CCGT) | AL88: x | AN88: x
A89: L100001056191 | B89: G100001064192 | C89: https://www.gem.wiki/Jawa-Bali_3_power_station | D89: Jawa-Bali-3 | E89: 450 | F89: announced (RUPTL 2025-2034) | G89: =I89 -> 2028 | H89: 2028 | I89: 2028 | J89: 2025-2029 | K89: -7.6753 | L89: 109.0965 | N89: =vlookup(D89,'upcoming, not in GEM'!A:B,2,false) -> Java or Bali | O89: IPP | R89: Multi fuel | S89: unknown | T89: unknown | U89: Combined Cycle Gas Turbine (CCGT) | AL89: x | AN89: x
A90: L100001056194 | B90: G100001064196 | C90: https://www.gem.wiki/Jawa-Bali_6_power_station | D90: Jawa-Bali-6 | E90: 450 | F90: announced (RUPTL 2025-2034) | G90: =I90 -> 2029 | H90: 2029 | I90: 2029 | J90: 2025-2029 | K90: -7.6753 | L90: 109.0965 | N90: =vlookup(D90,'upcoming, not in GEM'!A:B,2,false) -> Java or Bali | O90: IPP | R90: Multi fuel | S90: unknown | T90: unknown | U90: Combined Cycle Gas Turbine (CCGT) | AL90: x | AN90: x
A91: L100001056038 | B91: G100001064355 | C91: https://www.gem.wiki/Sulbagsel_power_station | D91: Sulbagsel | E91: 500 | F91: announced (RUPTL 2025-2034) | G91: =I91 -> 2026 | H91: 2026 | I91: 2026 | J91: 2025-2029 | K91: =vlookup(D91,'upcoming, not in GEM'!A:D,3,false) -> -3.5 | L91: =vlookup(D91,'upcoming, not in GEM'!A:D,4,false) -> 120 | N91: =vlookup(D91,'upcoming, not in GEM'!A:B,2,false) -> South Sulawesi and West Sulawesi | O91: PLN | R91: Multi fuel | S91: PT PLN (Persero) | T91: PT PLN (Persero) | U91: Combined Cycle Gas Turbine (CCGT) | AL91: x | AN91: x
A92: L100001056195 | B92: G100001064197 | C92: https://www.gem.wiki/Jawa-Bali_7_power_station | D92: Jawa-Bali-7 | E92: 500 | F92: announced (RUPTL 2025-2034) | G92: =H92 -> 2030 | H92: 2030 | J92: 2030-2034 | K92: -6.9505 | L92: 110.434 | N92: =vlookup(D92,'upcoming, not in GEM'!A:B,2,false) -> Java or Bali | O92: PLN | R92: Multi fuel | S92: PT PLN (Persero) | T92: PT PLN (Persero) | U92: Combined Cycle Gas Turbine (CCGT) | AL92: x | AN92: x
A93: L100001056031 | B93: G100001064007 | C93: https://www.gem.wiki/Sulbagsel-3_power_station | D93: Sulbagsel 3 | E93: 600 | F93: announced (RUPTL 2025-2034) | G93: =I93 -> 2030 | H93: 2030 | I93: 2030 | J93: 2030-2034 | K93: =vlookup(D93,'upcoming, not in GEM'!A:D,3,false) -> -3.5 | L93: =vlookup(D93,'upcoming, not in GEM'!A:D,4,false) -> 120 | N93: =vlookup(D93,'upcoming, not in GEM'!A:B,2,false) -> South Sulawesi and West Sulawesi | O93: IPP | R93: Multi fuel | S93: PT PLN (Persero) | T93: PT PLN (Persero) | U93: Combined Cycle Gas Turbine (CCGT) | AL93: x | AN93: x
D94: Sulbagsel | E94: 700 | F94: announced (RUPTL 2025-2034) | G94: =I94 -> 2027 | H94: 2027 | I94: 2027 | J94: 2025-2029 | K94: =vlookup(D94,'upcoming, not in GEM'!A:D,3,false) -> -3.5 | L94: =vlookup(D94,'upcoming, not in GEM'!A:D,4,false) -> 120 | N94: =vlookup(D94,'upcoming, not in GEM'!A:B,2,false) -> South Sulawesi and West Sulawesi | O94: PLN | AL94: x
A95: L100000104401 | B95: G100001064003 | C95: https://www.gem.wiki/Sulbagsel-1_power_station | D95: Sulbagsel | E95: 1000 | F95: announced (RUPTL 2025-2034) | G95: =I95 -> 2027 | H95: 2027 | I95: 2027 | J95: 2025-2029 | K95: =vlookup(D95,'upcoming, not in GEM'!A:D,3,false) -> -3.5 | L95: =vlookup(D95,'upcoming, not in GEM'!A:D,4,false) -> 120 | N95: =vlookup(D95,'upcoming, not in GEM'!A:B,2,false) -> South Sulawesi and West Sulawesi | O95: PLN | R95: Multi fuel | S95: PT PLN (Persero) | T95: PT PLN (Persero) | U95: Combined Cycle Gas Turbine (CCGT) | AL95: x | AN95: x
A96: L100001056109 | B96: G100001064097 | C96: https://www.gem.wiki/Jawa-4_power_station | D96: Jawa-4 | E96: 1000 | F96: announced (RUPTL 2025-2034) | G96: =I96 -> 2029 | H96: 2029 | I96: 2029 | J96: 2025-2029 | K96: -5.935064 | L96: 107.03018 | N96: =vlookup(D96,'upcoming, not in GEM'!A:B,2,false) -> West Java | O96: IPP | R96: Multi fuel | S96: unknown | T96: unknown | U96: Combined Cycle Gas Turbine (CCGT) | AL96: x | AN96: x
A97: L100000102818 | B97: G100001063990 | C97: https://www.gem.wiki/Jawa-5_power_station | D97: Jawa-5 | E97: 1000 | F97: announced (RUPTL 2025-2034) | G97: =I97 -> 2030 | H97: 2030 | I97: 2030 | J97: 2030-2034 | K97: -5.935064 | L97: 107.03018 | M97: Bekasi | N97: =vlookup(D97,'upcoming, not in GEM'!A:B,2,false) -> West Java | O97: IPP | AL97: x | AN97: x
A98: L100000102818 | B98: G100001063990 | C98: https://www.gem.wiki/Jawa-6_power_station | D98: Jawa-6 | E98: 1000 | F98: announced (RUPTL 2025-2034) | G98: =H98 -> 2034 | H98: 2034 | J98: 2030-2034 | K98: -5.935064 | L98: 107.03018 | M98: Bekasi | N98: =vlookup(D98,'upcoming, not in GEM'!A:B,2,false) -> West Java | O98: IPP | AL98: x | AN98: x
A99: L100000407608 | B99: G100000409931 | C99: https://www.gem.wiki/Balikpapan_Refinery_power_plant | D99: Balikpapan Refinery power plant | E99: 56 | F99: construction | G99: 2025 | K99: 1.578726 | L99: 114.60876 | M99: Balikpapan | N99: East Kalimantan | O99: Captive | P99: power | Q99: oil & refining | R99: Gas only | S99: Balikpapan Refinery [100%] | T99: PT Pertamina (Persero) [100.0%] | U99: Open Cycle Gas Turbine (OCGT) | AM99: x
A100: L100000407608 | B100: G100000409930 | C100: https://www.gem.wiki/Balikpapan_Refinery_power_plant | D100: Balikpapan Refinery power plant | E100: 56 | F100: construction | G100: 2025 | K100: 1.578726 | L100: 114.60876 | M100: Balikpapan | N100: East Kalimantan | O100: Captive | P100: power | Q100: oil & refining | R100: Gas only | S100: Balikpapan Refinery [100%] | T100: PT Pertamina (Persero) [100.0%] | U100: Open Cycle Gas Turbine (OCGT) | AM100: x
...

Sheet upcoming, not in GEM
A1: Power Plant Listing | B1: Province | C1: Latitude | D1: Longitude
A2: Jawa-4 | B2: West Java | C2: -6.7 | D2: 107.5
A3: Jawa-5 | B3: West Java | C3: -6.7 | D3: 107.5
A4: Jawa-6 | B4: West Java | C4: -6.7 | D4: 107.5
A5: Sulbagsel | B5: South Sulawesi and West Sulawesi | C5: -3.5 | D5: 120
A6: Sulbagsel | B6: South Sulawesi and West Sulawesi | C6: -3.5 | D6: 120
A7: Sulbagsel 3 | B7: South Sulawesi and West Sulawesi | C7: -3.5 | D7: 120
A8: Jawa-Bali-7 | B8: Java or Bali | C8: -6.7 | D8: 107.5
A9: Sulbagsel | B9: South Sulawesi and West Sulawesi | C9: -3.5 | D9: 120
A10: Jawa-Bali-2 | B10: Java or Bali | C10: -6.7 | D10: 107.5
A11: Jawa-Bali-3 | B11: Java or Bali | C11: -6.7 | D11: 107.5
A12: Jawa-Bali-6 | B12: Java or Bali | C12: -6.7 | D12: 107.5
A13: Jawa-Bali-4 | B13: Java or Bali | C13: -6.7 | D13: 107.5
... A77: Nabire 3 | B77: Central Papua (Papua Island) | C77: -3.5 | D77: 135.5

Sheet not in the pipeline
A1: GEM location ID | B1: GEM unit ID | C1: Wiki URL | D1: Plant name | E1: Capacity (MW) | F1: Status | G1: Start year | H1: Latitude | I1: Longitude | J1: City | K1: State/Province | L1: Ownership | M1: Captive industry use | N1: Captive industry type | O1: Fuel classification? | P1: Owner(s) | Q1: Parent(s)
A2: L100000405265 | B2: G100000405915 | C2: https://www.gem.wiki/Belawan_power_station | D2: Belawan power station | E2: 430 | F2: cancelled | H2: 3.773148 | I2: 98.670029 | J2: Belawan | K2: North Sumatra | O2: LNG only | P2: =vlookup(B2,'GEM GOGPT_Aug 2025'!B:AB,25,false) -> PT PLN (Persero) [100%] | Q2: =vlookup(B2,'GEM GOGPT_Aug 2025'!B:AB,27,false) -> PT PLN (Persero) [100.0%]
A3: L100000405941 | B3: G100000405927 | C3: https://www.gem.wiki/Lampung_Peaker_power_station | D3: Lampung Peaker power station | E3: 200 | F3: cancelled | H3: -5.568576 | I3: 105.37802 | J3: not found | K3: Sumatra | O3: LNG only | P3: =vlookup(B3,'GEM GOGPT_Aug 2025'!B:AB,25,false) -> PT PLN (Persero) [100%] | Q3: =vlookup(B3,'GEM GOGPT_Aug 2025'!B:AB,27,false) -> PT PLN (Persero) [100.0%]
A4: L100000405290 | B4: G100000400927 | C4: https://www.gem.wiki/Soekarno-Hatta_Airport_power_station | D4: Soekarno-Hatta Airport power station | E4: 60 | F4: cancelled | H4: -6.127523 | I4: 106.65152 | J4: Tangerang | K4: Banten | O4: Gas only | P4: =vlookup(B4,'GEM GOGPT_Aug 2025'!B:AB,25,false) -> PT Angkasa Pura Indonesia [100%] | Q4: =vlookup(B4,'GEM GOGPT_Aug 2025'!B:AB,27,false) -> PT Aviasi Wisata Indonesia (Persero)
A5: L100000405263 | B5: G100000400917 | C5: https://www.gem.wiki/Bantaeng_LNG_power_station | D5: Bantaeng LNG power station | E5: 600 | F5: cancelled - inferred 4 y | H5: -5.471156 | I5: 119.83763 | J5: Bantaeng | K5: South Sulawesi | O5: LNG only | P5: =vlookup(B5,'GEM GOGPT_Aug 2025'!B:AB,25,false) -> PT Energi Nusantara Merah Putih [100%] | Q5: =vlookup(B5,'GEM GOGPT_Aug 2025'!B:AB,27,false) -> PT Energi Nusantara Merah Putih [100.0%]
A6: L100000406379 | B6: G100000406291 | C6: https://www.gem.wiki/Batubara_power_station | D6: Batubara power station | E6: 800 | F6: cancelled - inferred 4 y | H6: 3.285553 | I6: 99.508176 | J6: Perupuk | K6: North Sumatra | O6: Gas only | P6: =vlookup(B6,'GEM GOGPT_Aug 2025'!B:AB,25,false) -> PT Hanlim Power Corp [100%] | Q6: =vlookup(B6,'GEM GOGPT_Aug 2025'!B:AB,27,false) -> Hanlim Power Corp [100.0%]
A7: L100000406379 | B7: G100000406290 | C7: https://www.gem.wiki/Batubara_power_station | D7: Batubara power station | E7: 800 | F7: cancelled - inferred 4 y | H7: 3.285553 | I7: 99.508176 | J7: Perupuk | K7: North Sumatra | O7: Gas only | P7: =vlookup(B7,'GEM GOGPT_Aug 2025'!B:AB,25,false) -> PT Hanlim Power Corp [100%] | Q7: =vlookup(B7,'GEM GOGPT_Aug 2025'!B:AB,27,false) -> Hanlim Power Corp [100.0%]
A8: L100000406379 | B8: G100000406289 | C8: https://www.gem.wiki/Batubara_power_station | D8: Batubara power station | E8: 800 | F8: cancelled - inferred 4 y | H8: 3.285553 | I8: 99.508176 | J8: Perupuk | K8: North Sumatra | O8: Gas only | P8: =vlookup(B8,'GEM GOGPT_Aug 2025'!B:AB,25,false) -> PT Hanlim Power Corp [100%] | Q8: =vlookup(B8,'GEM GOGPT_Aug 2025'!B:AB,27,false) -> Hanlim Power Corp [100.0%]
A9: L100000405287 | B9: G100000404264 | C9: https://www.gem.wiki/Perak_power_station | D9: Perak power station | E9: 400 | F9: cancelled - inferred 4 y | H9: -7.209975 | I9: 112.72389 | J9: Surabaya City | K9: East Java | O9: Gas only | P9: =vlookup(B9,'GEM GOGPT_Aug 2025'!B:AB,25,false) -> PT PLN Indonesia Power [100%] | Q9: =vlookup(B9,'GEM GOGPT_Aug 2025'!B:AB,27,false) -> PT PLN (Persero) [100.0%]
A10: L100000405278 | B10: G100000404253 | C10: https://www.gem.wiki/Keramasan_Asta_power_station | D10: Keramasan Asta power station | E10: 145 | F10: mothballed | G10: 2010 | H10: -3.030261 | I10: 104.74198 | J10: Keramasan | K10: Sumatra | O10: Gas only | P10: =vlookup(B10,'GEM GOGPT_Aug 2025'!B:AB,25,false) -> PT Asta Keramasan Energi [100%] | Q10: =vlookup(B10,'GEM GOGPT_Aug 2025'!B:AB,27,false) -> PT Leyand International Tbk [100.0%]
A11: L100000405943 | B11: G100000405929 | C11: https://www.gem.wiki/Luwuk_power_station | D11: Luwuk power station | E11: 150 | F11: shelved | G11: 2021 | H11: -1.325641 | I11: 122.49828 | J11: Nonong | K11: Central Sulawesi | O11: Gas only | P11: =vlookup(B11,'GEM GOGPT_Aug 2025'!B:AB,25,false) -> PT PLN (Persero) [100%] | Q11: =vlookup(B11,'GEM GOGPT_Aug 2025'!B:AB,27,false) -> PT PLN (Persero) [100.0%]
A12: L100000405948 | B12: G100000405934 | C12: https://www.gem.wiki/Riau_2_power_station | D12: Riau 2 power station | E12: 250 | F12: shelved | G12: 2024 | H12: 1.63916 | I12: 101.60876 | J12: not found | K12: Riau | O12: Gas only | P12: =vlookup(B12,'GEM GOGPT_Aug 2025'!B:AB,25,false)
A13: L100000405950 | B13: G100000405936 | C13: https://www.gem.wiki/Sulbagut_1_Combined_Cycle_power_station | D13: Sulbagut 1 Combined Cycle power station | E13: 150 | F13: shelved | H13: 1.657387 | I13: 125.08887 | J13: not found | K13: North Sulawesi | O13: Multi fuel | P13: =vlookup(B13,'GEM GOGPT_Aug 2025'!B:AB,25,false) -> PT PLN (Persero) [100%]
A14: L100000405951 | B14: G100000405937 | C14: https://www.gem.wiki/Sulsel_power_station | D14: Sulsel power station | E14: 450 | F14: shelved | H14: -4.935711 | I14: 119.52311 | J14: not found | K14: South Sulawesi | O14: Gas only | P14: =vlookup(B14,'GEM GOGPT_Aug 2025'!B:AB,25,false) -> PT PLN (Persero) [100%]
A15: L100000405264 | B15: G100000404256 | C15: https://www.gem.wiki/Bekasi_power_station | D15: Bekasi power station | E15: 130 | F15: shelved - inferred 2 y | H15: -6.269558 | I15: 107.15968 | J15: Cikarang | K15: West Java | O15: Gas only | P15: =vlookup(B15,'GEM GOGPT_Aug 2025'!B:AB,25,false) -> PT Bekasi Power [100%]
A16: L100000408314 | B16: G100000411718 | C16: https://www.gem.wiki/Sujiawumei_LNG_power_station | D16: Sujiawumei LNG power station | E16: 800 | F16: shelved - inferred 2 y | H16: -7.035171 | I16: 106.54915 | K16: West Java | O16: LNG only | P16: =vlookup(B16,'GEM GOGPT_Aug 2025'!B:AB,25,false) -> Royal Maha Indonesia
A17: L100000408314 | B17: G100000411717 | C17: https://www.gem.wiki/Sujiawumei_LNG_power_station | D17: Sujiawumei LNG power station | E17: 800 | F17: shelved - inferred 2 y | H17: -7.035171 | I17: 106.54915 | K17: West Java | O17: LNG only | P17: =vlookup(B17,'GEM GOGPT_Aug 2025'!B:AB,25,false) -> Royal Maha Indonesia
A18: L100000408314 | B18: G100000411716 | C18: https://www.gem.wiki/Sujiawumei_LNG_power_station | D18: Sujiawumei LNG power station | E18: 800 | F18: shelved - inferred 2 y | H18: -7.035171 | I18: 106.54915 | K18: West Java | O18: LNG only | P18: =vlookup(B18,'GEM GOGPT_Aug 2025'!B:AB,25,false) -> Royal Maha Indonesia

Sheet GEM GOGPT_Aug 2025
A1: GEM location ID | B1: GEM unit ID | C1: Wiki URL | D1: Country/Area | E1: Plant name | F1: Plant Name in Local Language / Script | G1: Other Name(s) | H1: Unit name | I1: Fuel | J1: Capacity (MW) | K1: Status | L1: Turbine/Engine Technology | M1: Equipment Manufacturer/Model | N1: CHP | O1: Hydrogen capable? | P1: CCS attachment? | Q1: Conversion/replacement? | R1: Conversion from/replacement of (fuel) | S1: Conversion from/replacement of (GEM unit ID) | T1: Conversion to (fuel) | U1: Conversion to (GEM unit ID) | V1: Start year | W1: Retired year | X1: Planned retire | Y1: Operator(s) | Z1: Owner(s) | AA1: Owner GEM Entity ID | AB1: Parent(s) | AC1: Parent GEM Entity ID | AD1: Latitude | AE1: Longitude | AF1: Location accuracy | AG1: City | AH1: Local area (taluk, county) | AI1: Major area (prefecture, district) | AJ1: State/Province | AK1: Subregion | AL1: Region | AM1: Other IDs (location) | AN1: Other IDs (unit) | AO1: Captive industry use | AP1: Captive industry type | AQ1: Captive non-industry use | AR1: Fuel classification?
A2: L100000102773 | B2: G100001018115 | C2: https://www.gem.wiki/Amamapare_Port_power_station | D2: Indonesia | E2: Amamapare Port power station | H2: CC1 | I2: fossil gas: LNG | J2: 265 | K2: pre-construction | L2: combined cycle | M2: not found | Q2: replacement | R2: coal: unknown, coal: unknown, coal: unknown | S2: G100000100142, G100000100143, G100000100144 | V2: 2027 | Z2: PT Puncakjaya Power [100%] | AA2: E100000121062 [100%] | AB2: PT Puncakjaya Power [100.0%] | AC2: E100000121062 [100.0%] | AD2: -4.827752 | AE2: 136.83908 | AF2: exact | AG2: Amamapare | AH2: Mimika Timur Jauh | AI2: Mimika | AJ2: Papua | AK2: South-eastern Asia | AL2: Asia | AO2: power | AP2: other metals & mining | AR2: LNG only
A3: L100000408062 | B3: G100000411330 | C3: https://www.gem.wiki/Arun_I_power_station | D3: Indonesia | E3: Arun I power station | H3: 1 | I3: fossil gas: LNG | J3: 184.3 | K3: operating | L3: internal combustion | N3: not found | P3: not found | V3: 2015 | Z3: PT PLN (Persero) [100%] | AA3: E100000000537 [100%] | AB3: PT PLN (Persero) [100.0%] | AC3: E100000000537 [100.0%] | AD3: 5.215648 | AE3: 97.090454 | AF3: exact | AG3: Lhokseumawe | AJ3: Aceh | AK3: South-eastern Asia | AL3: Asia | AR3: LNG only
A4: L100000408061 | B4: G100000411329 | C4: https://www.gem.wiki/Arun_II_power_station | D4: Indonesia | E4: Arun II power station | G4: PLTMG Sumbagut 2 | H4: 2 | I4: fossil gas: natural gas | J4: 240.5 | K4: operating | L4: internal combustion | N4: not found | P4: not found | V4: 2021 | Z4: PT PLN (Persero) [100%] | AA4: E100000000537 [100%] | AB4: PT PLN (Persero) [100.0%] | AC4: E100000000537 [100.0%] | AD4: 5.214774 | AE4: 97.085577 | AF4: exact | AG4: Lhokseumawe | AJ4: Aceh | AK4: South-eastern Asia | AL4: Asia | AR4: Gas only
A5: L100000408313 | B5: G100000411719 | C5: https://www.gem.wiki/Bahodopi_Vale_Nickel_Smelter_power_station | D5: Indonesia | E5: Bahodopi Vale Nickel Smelter power station | H5: 1 | I5: fossil gas: LNG | J5: 500 | K5: pre-construction | L5: unknown | N5: not found | V5: 2026 | Z5: PT Vale Indonesia Tbk [100%] | AA5: E100001010523 [100%] | AB5: PT Vale Indonesia Tbk [100.0%] | AC5: E100001010523 [100.0%] | AD5: -2.7809 | AE5: 121.82373 | AF5: approximate | AG5: Bahomotefe | AJ5: Sulawesi | AK5: South-eastern Asia | AL5: Asia | AO5: power | AP5: other metals & mining | AR5: LNG only
A6: L100000407608 | B6: G100000409931 | C6: https://www.gem.wiki/Balikpapan_Refinery_power_plant | D6: Indonesia | E6: Balikpapan Refinery power plant | H6: 1 | I6: fossil gas: natural gas | J6: 56 | K6: construction | L6: gas turbine | M6: Siemens Energy: SGT-800 | N6: not found | O6: not found | P6: not found | V6: 2025 | Z6: Balikpapan Refinery [100%] | AA6: E100000002501 [100%] | AB6: PT Pertamina (Persero) [100.0%] | AC6: E100000000538 [100.0%] | AD6: 1.578726 | AE6: 114.60876 | AF6: approximate | AG6: Balikpapan | AJ6: East Kalimantan | AK6: South-eastern Asia | AL6: Asia | AO6: power | AP6: oil & refining | AR6: Gas only
A7: L100000407608 | B7: G100000409930 | C7: https://www.gem.wiki/Balikpapan_Refinery_power_plant | D7: Indonesia | E7: Balikpapan Refinery power plant | H7: 2 | I7: fossil gas: natural gas | J7: 56 | K7: construction | L7: gas turbine | M7: Siemens Energy: SGT-800 | N7: not found | O7: not found | P7: not found | V7: 2025 | Z7: Balikpapan Refinery [100%] | AA7: E100000002501 [100%] | AB7: PT Pertamina (Persero) [100.0%] | AC7: E100000000538 [100.0%] | AD7: 1.578726 | AE7: 114.60876 | AF7: approximate | AG7: Balikpapan | AJ7: East Kalimantan | AK7: South-eastern Asia | AL7: Asia | AO7: power | AP7: oil & refining | AR7: Gas only
A8: L100000407608 | B8: G100000409929 | C8: https://www.gem.wiki/Balikpapan_Refinery_power_plant | D8: Indonesia | E8: Balikpapan Refinery power plant | H8: 3 | I8: fossil gas: natural gas | J8: 56 | K8: construction | L8: gas turbine | M8: Siemens Energy: SGT-800 | N8: not found | O8: not found | P8: not found | V8: 2025 | Z8: Balikpapan Refinery [100%] | AA8: E100000002501 [100%] | AB8: PT Pertamina (Persero) [100.0%] | AC8: E100000000538 [100.0%] | AD8: 1.578726 | AE8: 114.60876 | AF8: approximate | AG8: Balikpapan | AJ8: East Kalimantan | AK8: South-eastern Asia | AL8: Asia | AO8: power | AP8: oil & refining | AR8: Gas only
A9: L100000407608 | B9: G100000409928 | C9: https://www.gem.wiki/Balikpapan_Refinery_power_plant | D9: Indonesia | E9: Balikpapan Refinery power plant | H9: 4 | I9: fossil gas: natural gas | J9: 56 | K9: construction | L9: gas turbine | M9: Siemens Energy: SGT-800 | N9: not found | O9: not found | P9: not found | V9: 2025 | Z9: Balikpapan Refinery [100%] | AA9: E100000002501 [100%] | AB9: PT Pertamina (Persero) [100.0%] | AC9: E100000000538 [100.0%] | AD9: 1.578726 | AE9: 114.60876 | AF9: approximate | AG9: Balikpapan | AJ9: East Kalimantan | AK9: South-eastern Asia | AL9: Asia | AO9: power | AP9: oil & refining | AR9: Gas only
A10: L100000408065 | B10: G100000411328 | C10: https://www.gem.wiki/Bangkanai_I_power_station | D10: Indonesia | E10: Bangkanai I power station | H10: 1 | I10: fossil gas: natural gas | J10: 144 | K10: operating | L10: internal combustion | N10: not found | P10: not found | V10: not found | Z10: PT PLN (Persero) [100%] | AA10: E100000000537 [100%] | AB10: PT PLN (Persero) [100.0%] | AC10: E100000000537 [100.0%] | AD10: -0.621886 | AE10: 115.13707 | AF10: exact | AG10: Kab Barito Utara | AJ10: Central Kalimantan | AK10: South-eastern Asia | AL10: Asia | AR10: Gas only
A11: L100000408064 | B11: G100000411327 | C11: https://www.gem.wiki/Bangkanai_II_power_station | D11: Indonesia | E11: Bangkanai II power station | H11: 1 | I11: fossil gas: natural gas | J11: 140 | K11: operating | L11: internal combustion | N11: not found | P11: not found | V11: 2022 | Z11: PT PLN (Persero) [100%] | AA11: E100000000537 [100%] | AB11: PT PLN (Persero) [100.0%] | AC11: E100000000537 [100.0%] | AD11: -0.62081 | AE11: 115.114 | AF11: exact | AG11: Kab Barito Utara | AJ11: Central Kalimantan | AK11: South-eastern Asia | AL11: Asia | AR11: Gas only
A12: L100000405263 | B12: G100000400917 | C12: https://www.gem.wiki/Bantaeng_LNG_power_station | D12: Indonesia | E12: Bantaeng LNG power station | H12: 1 | I12: fossil gas: LNG | J12: 600 | K12: cancelled - inferred 4 y | L12: combined cycle | N12: not found | P12: not found | Z12: PT Energi Nusantara Merah Putih [100%] | AA12: E100000001947 [100%] | AB12: PT Energi Nusantara Merah Putih [100.0%] | AC12: E100000001947 [100.0%] | AD12: -5.471156 | AE12: 119.83763 | AF12: approximate | AG12: Bantaeng | AJ12: South Sulawesi | AK12: South-eastern Asia | AL12: Asia | AR12: LNG only
A13: L100000408063 | B13: G100000411326 | C13: https://www.gem.wiki/Batamindo_Industrial_Park_power_station | D13: Indonesia | E13: Batamindo Industrial Park power station | H13: 1 | I13: fossil gas: natural gas, fossil liquids: fuel oil | J13: 114 | K13: operating | L13: internal combustion | N13: not found | P13: not found | V13: 2006 | Z13: PT Batamindo Investment Cakrawala [100%] | AA13: E100001010521 [100%] | AB13: Gallant Venture Ltd [100.0%] | AC13: E100001011137 [100.0%] | AD13: 1.068868 | AE13: 104.02519 | AF13: approximate | AG13: Mukakuning - Pulau Batam | AJ13: Riau | AK13: South-eastern Asia | AL13: Asia | AR13: Multi fuel
A14: L100000102828 | B14: G100000411720 | C14: https://www.gem.wiki/Batu_Hijau_power_station | D14: Indonesia | E14: Batu Hijau power station | G14: Amman Mineral power station, 安曼矿业发电站 | H14: CC1 | I14: fossil gas: LNG | J14: 450 | K14: construction | L14: combined cycle | M14: Siemens Energy: SGT-800 | Q14: replacement | R14: coal: unknown, coal: unknown, coal: unknown, coal: unknown | S14: G100000100662, G100000100663, G100000100664, G100000100665 | V14: 2025 | Z14: PT Amman Mineral Nusa Tenggara | AA14: E100001011092 | AB14: PT Amman Mineral Internasional Tbk | AC14: E100001011093 | AD14: -8.901172 | AE14: 116.73821 | AF14: exact | AG14: Batu Hijau gold mine | AH14: Maluk | AI14: Sumbawa Barat | AJ14: West Nusa Tenggara | AK14: South-eastern Asia | AL14: Asia | AO14: power | AP14: other metals & mining | AR14: LNG only
A15: L100000406379 | B15: G100000406288 | C15: https://www.gem.wiki/Batubara_power_station | D15: Indonesia | E15: Batubara power station | H15: 45691 | I15: fossil gas: natural gas | J15: 800 | K15: announced | L15: combined cycle | N15: not found | O15: not found | P15: not found | V15: not found | Z15: PT Hanlim Power Corp [100%] | AA15: E100000003756 [100%] | AB15: Hanlim Power Corp [100.0%] | AC15: E100000000939 [100.0%] | AD15: 3.285553 | AE15: 99.508176 | AF15: approximate | AG15: Perupuk | AH15: Limapuluh | AI15: Batubara | AJ15: North Sumatra | AK15: South-eastern Asia | AL15: Asia | AR15: Gas only
A16: L100000406379 | B16: G100000406291 | C16: https://www.gem.wiki/Batubara_power_station | D16: Indonesia | E16: Batubara power station | H16: 45659 | I16: fossil gas: natural gas | J16: 800 | K16: cancelled - inferred 4 y | L16: combined cycle | N16: not found | O16: not found | P16: not found | Z16: PT Hanlim Power Corp [100%] | AA16: E100000003756 [100%] | AB16: Hanlim Power Corp [100.0%] | AC16: E100000000939 [100.0%] | AD16: 3.285553 | AE16: 99.508176 | AF16: approximate | AG16: Perupuk | AH16: Limapuluh | AI16: Batubara | AJ16: North Sumatra | AK16: South-eastern Asia | AL16: Asia | AR16: Gas only
A17: L100000406379 | B17: G100000406290 | C17: https://www.gem.wiki/Batubara_power_station | D17: Indonesia | E17: Batubara power station | H17: 45690 | I17: fossil gas: natural gas | J17: 800 | K17: cancelled - inferred 4 y | L17: combined cycle | N17: not found | O17: not found | P17: not found | Z17: PT Hanlim Power Corp [100%] | AA17: E100000003756 [100%] | AB17: Hanlim Power Corp [100.0%] | AC17: E100000000939 [100.0%] | AD17: 3.285553 | AE17: 99.508176 | AF17: approximate | AG17: Perupuk | AH17: Limapuluh | AI17: Batubara | AJ17: North Sumatra | AK17: South-eastern Asia | AL17: Asia | AR17: Gas only
A18: L100000406379 | B18: G100000406289 | C18: https://www.gem.wiki/Batubara_power_station | D18: Indonesia | E18: Batubara power station | H18: 45660 | I18: fossil gas: natural gas | J18: 800 | K18: cancelled - inferred 4 y | L18: combined cycle | N18: not found | O18: not found | P18: not found | Z18: PT Hanlim Power Corp [100%] | AA18: E100000003756 [100%] | AB18: Hanlim Power Corp [100.0%] | AC18: E100000000939 [100.0%] | AD18: 3.285553 | AE18: 99.508176 | AF18: approximate | AG18: Perupuk | AH18: Limapuluh | AI18: Batubara | AJ18: North Sumatra | AK18: South-eastern Asia | AL18: Asia | AR18: Gas only
A19: L100000406379 | B19: G100000406293 | C19: https://www.gem.wiki/Batubara_power_station | D19: Indonesia | E19: Batubara power station | H19: 45658 | I19: fossil gas: natural gas | J19: 800 | K19: construction | L19: combined cycle | M19: not found | N19: not found | P19: not found | V19: 2024 | Z19: PT Hanlim Power Corp [100%] | AA19: E100000003756 [100%] | AB19: Hanlim Power Corp [100.0%] | AC19: E100000000939 [100.0%] | AD19: 3.285553 | AE19: 99.508176 | AF19: approximate | AG19: Perupuk | AH19: Limapuluh | AI19: Batubara | AJ19: North Sumatra | AK19: South-eastern Asia | AL19: Asia | AR19: Gas only
A20: L100000406379 | B20: G100000406292 | C20: https://www.gem.wiki/Batubara_power_station | D20: Indonesia | E20: Batubara power station | H20: 45689 | I20: fossil gas: natural gas | J20: 800 | K20: construction | L20: combined cycle | M20: not found | N20: not found | P20: not found | V20: 2024 | Z20: PT Hanlim Power Corp [100%] | AA20: E100000003756 [100%] | AB20: Hanlim Power Corp [100.0%] | AC20: E100000000939 [100.0%] | AD20: 3.285553 | AE20: 99.508176 | AF20: approximate | AG20: Perupuk | AH20: Limapuluh | AI20: Batubara | AJ20: North Sumatra | AK20: South-eastern Asia | AL20: Asia | AR20: Gas only
A21: L100000405264 | B21: G100000404255 | C21: https://www.gem.wiki/Bekasi_power_station | D21: Indonesia | E21: Bekasi power station | H21: 1 | I21: fossil gas: natural gas | J21: 130 | K21: operating | L21: combined cycle | N21: not found | P21: not found | V21: 2013 | Z21: PT Bekasi Power [100%] | AA21: E100000003754 [100%] | AB21: PT Kawasan Industri Jababeka Tbk [100.0%] | AC21: E100000120663 [100.0%] | AD21: -6.269558 | AE21: 107.15968 | AF21: exact | AG21: Cikarang | AJ21: West Java | AK21: South-eastern Asia | AL21: Asia | AM21: World Resources Institute: WRI1000870 | AR21: Gas only
A22: L100000405264 | B22: G100000404256 | C22: https://www.gem.wiki/Bekasi_power_station | D22: Indonesia | E22: Bekasi power station | H22: 2 | I22: fossil gas: natural gas | J22: 130 | K22: shelved - inferred 2 y | L22: unknown | N22: not found | P22: not found | Z22: PT Bekasi Power [100%] | AA22: E100000003754 [100%] | AB22: PT Kawasan Industri Jababeka Tbk [100.0%] | AC22: E100000120663 [100.0%] | AD22: -6.269558 | AE22: 107.15968 | AF22: exact | AG22: Cikarang | AJ22: West Java | AK22: South-eastern Asia | AL22: Asia | AM22: World Resources Institute: WRI1000870 | AR22: Gas only
A23: L100000408067 | B23: G100000411325 | C23: https://www.gem.wiki/Belawan_Berkat_power_station | D23: Indonesia | E23: Belawan Berkat power station | H23: 1 | I23: fossil liquids: fuel oil | J23: 160 | K23: operating | L23: internal combustion | N23: not found | P23: not found | V23: 2014 | Z23: PT Berkat Bima Sentana [100%] | AA23: E100001010522 [100%] | AB23: PT Berkat Bima Sentana [100.0%] | AC23: E100001010522 [100.0%] | AD23: 3.771713 | AE23: 98.66769 | AF23: approximate | AG23: Kab Karo - Medan | AJ23: North Sumatra | AK23: South-eastern Asia | AL23: Asia | AM23: World Resources Institute: WRI1000817, World Resources Institute: WRI1000818 | AR23: Oil only
A24: L100000405265 | B24: G100000405915 | C24: https://www.gem.wiki/Belawan_power_station | D24: Indonesia | E24: Belawan power station | G24: Belawan Thermal Power Plant | H24: 45660 | I24: fossil gas: LNG | J24: 430 | K24: cancelled | L24: combined cycle | N24: not found | O24: not found | P24: not found | Z24: PT PLN (Persero) [100%] | AA24: E100000000537 [100%] | AB24: PT PLN (Persero) [100.0%] | AC24: E100000000537 [100.0%] | AD24: 3.773148 | AE24: 98.670029 | AF24: exact | AG24: Belawan | AJ24: North Sumatra | AK24: South-eastern Asia | AL24: Asia | AM24: World Resources Institute: WRI1000817, World Resources Institute: WRI1000818 | AR24: LNG only
A25: L100000405265 | B25: G100000405909 | C25: https://www.gem.wiki/Belawan_power_station | D25: Indonesia | E25: Belawan power station | G25: Belawan Thermal Power Plant | H25: 45658 | I25: fossil gas: natural gas, fossil liquids: fuel oil | J25: 65 | K25: operating | L25: steam turbine | N25: not found | P25: not found | V25: 1984 | Z25: PT PLN (Persero) [100%] | AA25: E100000000537 [100%] | AB25: PT PLN (Persero) [100.0%] | AC25: E100000000537 [100.0%] | AD25: 3.773148 | AE25: 98.670029 | AF25: exact | AG25: Belawan | AJ25: North Sumatra | AK25: South-eastern Asia | AL25: Asia | AM25: World Resources Institute: WRI1000817, World Resources Institute: WRI1000818 | AR25: Multi fuel
A26: L100000405265 | B26: G100000405910 | C26: https://www.gem.wiki/Belawan_power_station | D26: Indonesia | E26: Belawan power station | G26: Belawan Thermal Power Plant | H26: 45689 | I26: fossil gas: natural gas, fossil liquids: fuel oil | J26: 65 | K26: operating | L26: steam turbine | N26: not found | P26: not found | V26: 1984 | Z26: PT PLN (Persero) [100%] | AA26: E100000000537 [100%] | AB26: PT PLN (Persero) [100.0%] | AC26: E100000000537 [100.0%] | AD26: 3.773148 | AE26: 98.670029 | AF26: exact | AG26: Belawan | AJ26: North Sumatra | AK26: South-eastern Asia | AL26: Asia | AM26: World Resources Institute: WRI1000817, World Resources Institute: WRI1000818 | AR26: Multi fuel
A27: L100000405265 | B27: G100000405911 | C27: https://www.gem.wiki/Belawan_power_station | D27: Indonesia | E27: Belawan power station | G27: Belawan Thermal Power Plant | H27: 45717 | I27: fossil gas: natural gas, fossil liquids: fuel oil | J27: 65 | K27: operating | L27: steam turbine | N27: not found | P27: not found | V27: 1984 | Z27: PT PLN (Persero) [100%] | AA27: E100000000537 [100%] | AB27: PT PLN (Persero) [100.0%] | AC27: E100000000537 [100.0%] | AD27: 3.773148 | AE27: 98.670029 | AF27: exact | AG27: Belawan | AJ27: North Sumatra | AK27: South-eastern Asia | AL27: Asia | AM27: World Resources Institute: WRI1000817, World Resources Institute: WRI1000818 | AR27: Multi fuel
A28: L100000405265 | B28: G100000405912 | C28: https://www.gem.wiki/Belawan_power_station | D28: Indonesia | E28: Belawan power station | G28: Belawan Thermal Power Plant | H28: 45748 | I28: fossil gas: natural gas, fossil liquids: fuel oil | J28: 65 | K28: operating | L28: steam turbine | N28: not found | P28: not found | V28: 1984 | Z28: PT PLN (Persero) [100%] | AA28: E100000000537 [100%] | AB28: PT PLN (Persero) [100.0%] | AC28: E100000000537 [100.0%] | AD28: 3.773148 | AE28: 98.670029 | AF28: exact | AG28: Belawan | AJ28: North Sumatra | AK28: South-eastern Asia | AL28: Asia | AM28: World Resources Institute: WRI1000817, World Resources Institute: WRI1000818 | AR28: Multi fuel
A29: L100000405265 | B29: G100000405913 | C29: https://www.gem.wiki/Belawan_power_station | D29: Indonesia | E29: Belawan power station | G29: Belawan Thermal Power Plant | H29: 45659 | I29: fossil gas: natural gas, fossil liquids: diesel | J29: 395 | K29: operating | L29: combined cycle | N29: not found | P29: not found | V29: 1994 | Z29: PT PLN (Persero) [100%] | AA29: E100000000537 [100%] | AB29: PT PLN (Persero) [100.0%] | AC29: E100000000537 [100.0%] | AD29: 3.773148 | AE29: 98.670029 | AF29: exact | AG29: Belawan | AJ29: North Sumatra | AK29: South-eastern Asia | AL29: Asia | AM29: World Resources Institute: WRI1000817, World Resources Institute: WRI1000818 | AR29: Multi fuel
A30: L100000405265 | B30: G100000405914 | C30: https://www.gem.wiki/Belawan_power_station | D30: Indonesia | E30: Belawan power station | G30: Belawan Thermal Power Plant | H30: 45690 | I30: fossil gas: natural gas, fossil liquids: diesel | J30: 422 | K30: operating | L30: combined cycle | N30: not found | P30: not found | V30: 1994 | Z30: PT PLN (Persero) [100%] | AA30: E100000000537 [100%] | AB30: PT PLN (Persero) [100.0%] | AC30: E100000000537 [100.0%] | AD30: 3.773148 | AE30: 98.670029 | AF30: exact | AG30: Belawan | AJ30: North Sumatra | AK30: South-eastern Asia | AL30: Asia | AM30: World Resources Institute: WRI1000817, World Resources Institute: WRI1000818 | AR30: Multi fuel
A31: L100000408066 | B31: G100000411324 | C31: https://www.gem.wiki/BMPP_Nusantara-1_power_station | D31: Indonesia | E31: BMPP Nusantara-1 power station | H31: 1 | I31: fossil liquids: diesel, fossil gas: LNG | J31: 60 | K31: operating | L31: internal combustion | M31: Wärtsilä: 20V34DF | N31: not found | P31: not found | V31: 2022 | Z31: PT PLN (Persero) [100%] | AA31: E100000000537 [100%] | AB31: PT PLN (Persero) [100.0%] | AC31: E100000000537 [100.0%] | AD31: -3.550482 | AE31: 128.33573 | AF31: exact | AG31: Pulau Ambon | AJ31: Maluku | AK31: South-eastern Asia | AL31: Asia | AR31: Multi fuel
A32: L100001048420 | B32: G100001055585 | C32: https://www.gem.wiki/BMPP_Nusantara-2_power_station | D32: Indonesia | E32: BMPP Nusantara-2 power station | H32: 1 | I32: fossil gas: LNG, fossil liquids: diesel | J32: 60 | K32: operating | L32: internal combustion | M32: Wärtsilä: 20V34DF | N32: no | V32: 2024 | Z32: PT PLN Indonesia Power | AA32: E100000003758 | AB32: PT PLN (Persero) | AC32: E100000000537 | AD32: -3.891103 | AE32: 121.27963 | AF32: approximate | AH32: Wolo | AI32: Kolaka | AJ32: Southeast Sulawesi | AK32: South-eastern Asia | AL32: Asia | AO32: power | AP32: iron & steel | AR32: Multi fuel
A33: L100000405266 | B33: G100000404302 | C33: https://www.gem.wiki/Borang_power_station | D33: Indonesia | E33: Borang power station | H33: 1 | I33: fossil gas: natural gas | J33: 100 | K33: operating | L33: combined cycle | N33: not found | P33: not found | V33: not found | Z33: PT PLN (Persero) [100%] | AA33: E100000000537 [100%] | AB33: PT PLN (Persero) [100.0%] | AC33: E100000000537 [100.0%] | AD33: -2.92344 | AE33: 104.87107 | AF33: approximate | AG33: Perajen | AJ33: South Sumatra | AK33: South-eastern Asia | AL33: Asia | AR33: Gas only
A34: L100000408069 | B34: G100000411323 | C34: https://www.gem.wiki/Cilegon_KDL_power_station | D34: Indonesia | E34: Cilegon KDL power station | H34: 1 | I34: fossil gas: natural gas, fossil liquids: fuel oil | J34: 80 | K34: operating | L34: steam turbine | N34: not found | P34: not found | V34: 1978 | Z34: PT Krakatau Daya Listrik [100%] | AA34: E100000001949 [100%] | AB34: PT Krakatau Steel (Persero) Tbk [100.0%] | AC34: E100001010136 [100.0%] | AD34: -5.994087 | AE34: 105.98413 | AF34: exact | AG34: Cilegon | AJ34: Banten | AK34: South-eastern Asia | AL34: Asia | AR34: Multi fuel
A35: L100000408069 | B35: G100000411322 | C35: https://www.gem.wiki/Cilegon_KDL_power_station | D35: Indonesia | E35: Cilegon KDL power station | H35: 2 | I35: fossil gas: natural gas | J35: 120 | K35: operating | L35: combined cycle | N35: not found | P35: not found | V35: 2015 | Z35: PT Krakatau Daya Listrik [100%] | AA35: E100000001949 [100%] | AB35: PT Krakatau Steel (Persero) Tbk [100.0%] | AC35: E100001010136 [100.0%] | AD35: -5.994087 | AE35: 105.98413 | AF35: exact | AG35: Cilegon | AJ35: Banten | AK35: South-eastern Asia | AL35: Asia | AR35: Gas only
A36: L100000408069 | B36: G100000411321 | C36: https://www.gem.wiki/Cilegon_KDL_power_station | D36: Indonesia | E36: Cilegon KDL power station | H36: 3 | I36: fossil gas: natural gas, fossil liquids: fuel oil | J36: 80 | K36: operating | L36: steam turbine | N36: not found | P36: not found | V36: 1978 | Z36: PT Krakatau Daya Listrik [100%] | AA36: E100000001949 [100%] | AB36: PT Krakatau Steel (Persero) Tbk [100.0%] | AC36: E100001010136 [100.0%] | AD36: -5.994087 | AE36: 105.98413 | AF36: exact | AG36: Cilegon | AJ36: Banten | AK36: South-eastern Asia | AL36: Asia | AR36: Multi fuel
A37: L100000408069 | B37: G100000411320 | C37: https://www.gem.wiki/Cilegon_KDL_power_station | D37: Indonesia | E37: Cilegon KDL power station | H37: 4 | I37: fossil gas: natural gas, fossil liquids: fuel oil | J37: 80 | K37: operating | L37: steam turbine | N37: not found | P37: not found | V37: 1978 | Z37: PT Krakatau Daya Listrik [100%] | AA37: E100000001949 [100%] | AB37: PT Krakatau Steel (Persero) Tbk [100.0%] | AC37: E100001010136 [100.0%] | AD37: -5.994087 | AE37: 105.98413 | AF37: exact | AG37: Cilegon | AJ37: Banten | AK37: South-eastern Asia | AL37: Asia | AR37: Multi fuel
A38: L100000408069 | B38: G100000411319 | C38: https://www.gem.wiki/Cilegon_KDL_power_station | D38: Indonesia | E38: Cilegon KDL power station | H38: 5 | I38: fossil gas: natural gas, fossil liquids: fuel oil | J38: 80 | K38: operating | L38: steam turbine | N38: not found | P38: not found | V38: 1978 | Z38: PT Krakatau Daya Listrik [100%] | AA38: E100000001949 [100%] | AB38: PT Krakatau Steel (Persero) Tbk [100.0%] | AC38: E100001010136 [100.0%] | AD38: -5.994087 | AE38: 105.98413 | AF38: exact | AG38: Cilegon | AJ38: Banten | AK38: South-eastern Asia | AL38: Asia | AR38: Multi fuel
A39: L100000408069 | B39: G100000411318 | C39: https://www.gem.wiki/Cilegon_KDL_power_station | D39: Indonesia | E39: Cilegon KDL power station | H39: 6 | I39: fossil gas: natural gas, fossil liquids: fuel oil | J39: 80 | K39: operating | L39: steam turbine | N39: not found | P39: not found | V39: 1978 | Z39: PT Krakatau Daya Listrik [100%] | AA39: E100000001949 [100%] | AB39: PT Krakatau Steel (Persero) Tbk [100.0%] | AC39: E100001010136 [100.0%] | AD39: -5.994087 | AE39: 105.98413 | AF39: exact | AG39: Cilegon | AJ39: Banten | AK39: South-eastern Asia | AL39: Asia | AR39: Multi fuel
A40: L100000405267 | B40: G100000404257 | C40: https://www.gem.wiki/Cilegon_power_station | D40: Indonesia | E40: Cilegon power station | H40: 1 | I40: fossil gas: natural gas | J40: 740 | K40: operating | L40: combined cycle | N40: not found | P40: not found | V40: 2007 | Z40: PT PLN Indonesia Power [100%] | AA40: E100000003758 [100%] | AB40: PT PLN (Persero) [100.0%] | AC40: E100000000537 [100.0%] | AD40: -5.9306 | AE40: 106.1042 | AF40: exact | AG40: Margasari | AJ40: Banten | AK40: South-eastern Asia | AL40: Asia | AM40: World Resources Institute: WRI1000874 | AR40: Gas only
A41: L100000405268 | B41: G100000404308 | C41: https://www.gem.wiki/Citeureup_Cement_Works_power_station | D41: Indonesia | E41: Citeureup Cement Works power station | H41: 1 | I41: fossil gas: natural gas | J41: 82 | K41: operating | L41: gas turbine | N41: not found | P41: not found | V41: not found | Z41: PT Indocement Tunggal Prakarsa Tbk [100%] | AA41: E100000003757 [100%] | AB41: PT Indocement Tunggal Prakarsa Tbk [100.0%] | AC41: E100000003757 [100.0%] | AD41: -6.480331 | AE41: 106.899 | AF41: exact | AG41: Bogor | AJ41: West Java | AK41: South-eastern Asia | AL41: Asia | AO41: power | AP41: cement & building | AR41: Gas only
A42: L100000408073 | B42: G100000411317 | C42: https://www.gem.wiki/Duri_power_station | D42: Indonesia | E42: Duri power station | H42: 1 | I42: fossil gas: natural gas | J42: 112 | K42: operating | L42: internal combustion | N42: not found | P42: not found | V42: 2012 | Z42: PT PLN (Persero) [100%] | AA42: E100000000537 [100%] | AB42: PT PLN (Persero) [100.0%] | AC42: E100000000537 [100.0%] | AD42: 1.071237 | AE42: 101.28154 | AF42: exact | AG42: Duri | AJ42: Riau | AK42: South-eastern Asia | AL42: Asia | AR42: Gas only
A43: L100000405269 | B43: G100000404252 | C43: https://www.gem.wiki/Gilimanuk_power_station | D43: Indonesia | E43: Gilimanuk power station | H43: 1 | I43: fossil gas: natural gas | J43: 134 | K43: operating | L43: gas turbine | N43: not found | P43: not found | V43: 1997 | Z43: PT PLN Indonesia Power [100%] | AA43: E100000003758 [100%] | AB43: PT PLN (Persero) [100.0%] | AC43: E100000000537 [100.0%] | AD43: -8.175555 | AE43: 114.44272 | AF43: exact | AG43: Gilimanuk | AJ43: Bali | AK43: South-eastern Asia | AL43: Asia | AM43: World Resources Institute: WRI1000825 | AR43: Gas only
A44: L100000405936 | B44: G100000405916 | C44: https://www.gem.wiki/Gorontalo_power_station | D44: Indonesia | E44: Gorontalo power station | G44: Gorontalo peaker, PLTG Gorontalo | H44: 1 | I44: fossil gas: natural gas | J44: 100 | K44: operating | L44: gas turbine | N44: not found | P44: not found | V44: 2016 | Z44: PT PLN (Persero) [100%] | AA44: E100000000537 [100%] | AB44: PT PLN (Persero) [100.0%] | AC44: E100000000537 [100.0%] | AD44: 0.466894 | AE44: 122.00626 | AF44: exact | AG44: Maleo | AI44: Paguat | AJ44: Gorontalo | AK44: South-eastern Asia | AL44: Asia | AR44: Gas only
A45: L100000408074 | B45: G100000411316 | C45: https://www.gem.wiki/Grasberg_Mine_power_station | D45: Indonesia | E45: Grasberg Mine power station | H45: 1 | I45: fossil gas: natural gas, bioenergy: unknown | J45: 128 | K45: operating | L45: internal combustion | N45: not found | P45: not found | V45: 2022 | Z45: PT Freeport Indonesia [100%] | AA45: E100000003755 [100%] | AB45: FreePort-McMoran Inc [48.8%]; PT Mineral Industri Indonesia (Persero) | AC45: E100000001220 [48.8%]; E100001011088 | AD45: -4.146757 | AE45: 137.0928 | AF45: exact | AG45: Tembagapura | AK45: South-eastern Asia | AL45: Asia | AO45: power | AP45: other metals & mining | AR45: Multi fuel
A46: L100000405270 | B46: G100000404258 | C46: https://www.gem.wiki/Grati_power_station | D46: Indonesia | E46: Grati power station | G46: Perak-Grati Generation Unit | H46: 1 | I46: fossil gas: natural gas, fossil liquids: fuel oil | J46: 456 | K46: operating | L46: combined cycle | N46: not found | V46: 1997 | Z46: PT PLN Indonesia Power [100%] | AA46: E100000003758 [100%] | AB46: PT PLN (Persero) [100.0%] | AC46: E100000000537 [100.0%] | AD46: -7.6517 | AE46: 113.0244 | AF46: exact | AG46: Pasir Panjang | AJ46: East Java | AK46: South-eastern Asia | AL46: Asia | AR46: Multi fuel
A47: L100000405270 | B47: G100000405917 | C47: https://www.gem.wiki/Grati_power_station | D47: Indonesia | E47: Grati power station | G47: Perak-Grati Generation Unit | H47: 2 | I47: fossil gas: natural gas | J47: 450 | K47: operating | L47: combined cycle | N47: not found | V47: 2020 | Z47: PT PLN Indonesia Power [100%] | AA47: E100000003758 [100%] | AB47: PT PLN (Persero) [100.0%] | AC47: E100000000537 [100.0%] | AD47: -7.6517 | AE47: 113.0244 | AF47: exact | AG47: Pasir Panjang | AJ47: East Java | AK47: South-eastern Asia | AL47: Asia | AR47: Gas only
A48: L100000405270 | B48: G100000405918 | C48: https://www.gem.wiki/Grati_power_station | D48: Indonesia | E48: Grati power station | G48: Perak-Grati Generation Unit | H48: 45660 | I48: fossil gas: natural gas | J48: 450 | K48: operating | L48: combined cycle | N48: not found | V48: 2019 | Z48: PT PLN Indonesia Power [100%] | AA48: E100000003758 [100%] | AB48: PT PLN (Persero) [100.0%] | AC48: E100000000537 [100.0%] | AD48: -7.6517 | AE48: 113.0244 | AF48: exact | AG48: Pasir Panjang | AJ48: East Java | AK48: South-eastern Asia | AL48: Asia | AR48: Gas only
A49: L100000405271 | B49: G100000400918 | C49: https://www.gem.wiki/Gresik_AKR_Estate_power_station | D49: Indonesia | E49: Gresik AKR Estate power station | H49: 2 | I49: fossil gas: natural gas | J49: 500 | K49: operating | L49: gas turbine | N49: not found | V49: 2020 | Z49: PT AKR Corporindo Tbk [100%] | AA49: E100000001943 [100%] | AB49: PT AKR Corporindo Tbk [100.0%] | AC49: E100000001943 [100.0%] | AD49: -7.089043 | AE49: 112.60696 | AF49: exact | AG49: Gresik | AJ49: East Java | AK49: South-eastern Asia | AL49: Asia | AR49: Gas only
A50: L100000405272 | B50: G100000404265 | C50: https://www.gem.wiki/Gresik_power_station | D50: Indonesia | E50: Gresik power station | H50: CC1 | I50: fossil gas: natural gas, fossil liquids: fuel oil | J50: 526 | K50: operating | L50: combined cycle | N50: not found | V50: 1993 | Z50: PT PLN Nusantara Power [100%] | AA50: E100000003764 [100%] | AB50: PT PLN (Persero) [100.0%] | AC50: E100000000537 [100.0%] | AD50: -7.1633 | AE50: 112.6615 | AF50: exact | AG50: Singosari | AJ50: East Java | AK50: South-eastern Asia | AL50: Asia | AM50: World Resources Institute: WRI1000876 | AR50: Multi fuel
A51: L100000405272 | B51: G100000404266 | C51: https://www.gem.wiki/Gresik_power_station | D51: Indonesia | E51: Gresik power station | H51: CC2 | I51: fossil gas: natural gas, fossil liquids: fuel oil | J51: 526 | K51: operating | L51: combined cycle | N51: not found | V51: 1993 | Z51: PT PLN Nusantara Power [100%] | AA51: E100000003764 [100%] | AB51: PT PLN (Persero) [100.0%] | AC51: E100000000537 [100.0%] | AD51: -7.1633 | AE51: 112.6615 | AF51: exact | AG51: Singosari | AJ51: East Java | AK51: South-eastern Asia | AL51: Asia | AM51: World Resources Institute: WRI1000876 | AR51: Multi fuel
A52: L100000405272 | B52: G100000404267 | C52: https://www.gem.wiki/Gresik_power_station | D52: Indonesia | E52: Gresik power station | H52: CC3 | I52: fossil gas: natural gas, fossil liquids: fuel oil | J52: 526 | K52: operating | L52: combined cycle | N52: not found | V52: 1993 | Z52: PT PLN Nusantara Power [100%] | AA52: E100000003764 [100%] | AB52: PT PLN (Persero) [100.0%] | AC52: E100000000537 [100.0%] | AD52: -7.1633 | AE52: 112.6615 | AF52: exact | AG52: Singosari | AJ52: East Java | AK52: South-eastern Asia | AL52: Asia | AM52: World Resources Institute: WRI1000876 | AR52: Multi fuel
A53: L100000405272 | B53: G100000404268 | C53: https://www.gem.wiki/Gresik_power_station | D53: Indonesia | E53: Gresik power station | H53: ST1 | I53: fossil gas: natural gas, fossil liquids: fuel oil | J53: 100 | K53: operating | L53: steam turbine | N53: not found | V53: 1980 | Z53: PT PLN Nusantara Power [100%] | AA53: E100000003764 [100%] | AB53: PT PLN (Persero) [100.0%] | AC53: E100000000537 [100.0%] | AD53: -7.1633 | AE53: 112.6615 | AF53: exact | AG53: Singosari | AJ53: East Java | AK53: South-eastern Asia | AL53: Asia | AM53: World Resources Institute: WRI1000876 | AR53: Multi fuel
A54: L100000405272 | B54: G100000404269 | C54: https://www.gem.wiki/Gresik_power_station | D54: Indonesia | E54: Gresik power station | H54: ST2 | I54: fossil gas: natural gas, fossil liquids: fuel oil | J54: 100 | K54: operating | L54: steam turbine | N54: not found | V54: 1981 | Z54: PT PLN Nusantara Power [100%] | AA54: E100000003764 [100%] | AB54: PT PLN (Persero) [100.0%] | AC54: E100000000537 [100.0%] | AD54: -7.1633 | AE54: 112.6615 | AF54: exact | AG54: Singosari | AJ54: East Java | AK54: South-eastern Asia | AL54: Asia | AM54: World Resources Institute: WRI1000876 | AR54: Multi fuel
A55: L100000405272 | B55: G100000404270 | C55: https://www.gem.wiki/Gresik_power_station | D55: Indonesia | E55: Gresik power station | H55: ST3 | I55: fossil gas: natural gas, fossil liquids: fuel oil | J55: 200 | K55: operating | L55: steam turbine | N55: not found | V55: 1988 | Z55: PT PLN Nusantara Power [100%] | AA55: E100000003764 [100%] | AB55: PT PLN (Persero) [100.0%] | AC55: E100000000537 [100.0%] | AD55: -7.1633 | AE55: 112.6615 | AF55: exact | AG55: Singosari | AJ55: East Java | AK55: South-eastern Asia | AL55: Asia | AM55: World Resources Institute: WRI1000876 | AR55: Multi fuel
A56: L100000405272 | B56: G100000404271 | C56: https://www.gem.wiki/Gresik_power_station | D56: Indonesia | E56: Gresik power station | H56: ST4 | I56: fossil gas: natural gas, fossil liquids: fuel oil | J56: 200 | K56: operating | L56: steam turbine | N56: not found | V56: 1988 | Z56: PT PLN Nusantara Power [100%] | AA56: E100000003764 [100%] | AB56: PT PLN (Persero) [100.0%] | AC56: E100000000537 [100.0%] | AD56: -7.1633 | AE56: 112.6615 | AF56: exact | AG56: Singosari | AJ56: East Java | AK56: South-eastern Asia | AL56: Asia | AM56: World Resources Institute: WRI1000876 | AR56: Multi fuel
A57: L100000405273 | B57: G100000404309 | C57: https://www.gem.wiki/Gunung_Megang_power_station | D57: Indonesia | E57: Gunung Megang power station | H57: 1 | I57: fossil gas: natural gas | J57: 110 | K57: operating | L57: combined cycle | N57: not found | V57: 2014 | Z57: PT Meppo-Gen [100%] | AA57: E100000003761 [100%] | AB57: Sintesa Group [100.0%] | AC57: E100000000541 [100.0%] | AD57: -3.50702 | AE57: 103.80015 | AF57: exact | AG57: Panang Jaya | AJ57: South Sumatra | AK57: South-eastern Asia | AL57: Asia | AR57: Gas only
A58: L100000405274 | B58: G100000404310 | C58: https://www.gem.wiki/Indralaya_power_station | D58: Indonesia | E58: Indralaya power station | H58: 4 | I58: fossil gas: natural gas | J58: 124 | K58: operating | L58: combined cycle | N58: not found | V58: 2008 | Z58: PT PLN (Persero) [100%] | AA58: E100000000537 [100%] | AB58: PT PLN (Persero) [100.0%] | AC58: E100000000537 [100.0%] | AD58: -3.206744 | AE58: 104.65639 | AF58: exact | AG58: Timbangan | AJ58: South Sumatra | AK58: South-eastern Asia | AL58: Asia | AR58: Gas only
A59: L100000405275 | B59: G100000404250 | C59: https://www.gem.wiki/Jababeka_Industrial_Estate_power_station | D59: Indonesia | E59: Jababeka Industrial Estate power station | G59: Cikarang Power Station | H59: 1 | I59: fossil gas: natural gas | J59: 755 | K59: operating | L59: combined cycle | N59: not found | V59: 1993 | Z59: PT Cikarang Listrindo Tbk [100%] | AA59: E100000001946 [100%] | AB59: PT Cikarang Listrindo Tbk [100.0%] | AC59: E100000001946 [100.0%] | AD59: -6.290774 | AE59: 107.12045 | AF59: exact | AG59: Cikarang Utara | AJ59: West Java | AK59: South-eastern Asia | AL59: Asia | AM59: World Resources Institute: WRI1000821 | AR59: Gas only
A60: L100000405275 | B60: G100000404251 | C60: https://www.gem.wiki/Jababeka_Industrial_Estate_power_station | D60: Indonesia | E60: Jababeka Industrial Estate power station | G60: Cikarang Power Station | H60: 2 | I60: fossil gas: natural gas | J60: 109 | K60: operating | L60: gas turbine | N60: not found | V60: 2015 | Z60: PT Cikarang Listrindo Tbk [100%] | AA60: E100000001946 [100%] | AB60: PT Cikarang Listrindo Tbk [100.0%] | AC60: E100000001946 [100.0%] | AD60: -6.290774 | AE60: 107.12045 | AF60: exact | AG60: Cikarang Utara | AJ60: West Java | AK60: South-eastern Asia | AL60: Asia | AM60: World Resources Institute: WRI1000821 | AR60: Gas only
A61: L100000405937 | B61: G100000405919 | C61: https://www.gem.wiki/Jawa-3_Combined_Cycle_power_station | D61: Indonesia | E61: Jawa-3 Combined Cycle power station | H61: 1 | I61: fossil gas: natural gas | J61: 800 | K61: announced | L61: combined cycle | N61: not found | V61: 2027 | Z61: PT PLN Nusantara Power [100%] | AA61: E100000003764 [100%] | AB61: PT PLN (Persero) [100.0%] | AC61: E100000000537 [100.0%] | AD61: -7.109509 | AE61: 112.62168 | AF61: approximate | AG61: not found | AJ61: East Java | AK61: South-eastern Asia | AL61: Asia | AR61: Gas only
A62: L100000408072 | B62: G100000411315 | C62: https://www.gem.wiki/Jayapura_power_station | D62: Indonesia | E62: Jayapura power station | H62: 1 | I62: fossil gas: natural gas, fossil liquids: diesel | J62: 57 | K62: operating | L62: internal combustion | N62: not found | P62: not found | V62: 2017 | Z62: PT PLN (Persero) [100%] | AA62: E100000000537 [100%] | AB62: PT PLN (Persero) [100.0%] | AC62: E100000000537 [100.0%] | AD62: -2.616361 | AE62: 140.7893 | AF62: exact | AG62: Jayapura | AJ62: Papua | AK62: South-eastern Asia | AL62: Asia | AR62: Multi fuel
A63: L100000102824 | B63: G100000404313 | C63: https://www.gem.wiki/Kalbar-2_power_station | D63: Indonesia | E63: Kalbar-2 power station | H63: 1 | I63: fossil gas: natural gas | J63: 300 | K63: pre-construction | L63: combined cycle | M63: not found | N63: not found | O63: not found | P63: not found | Q63: change of plans | R63: coal: unknown, coal: unknown | S63: G100000105467, G100000105466 | V63: 2024 | Z63: PT PLN (Persero) [100%] | AA63: E100000000537 [100%] | AB63: PT PLN (Persero) [100.0%] | AC63: E100000000537 [100.0%] | AD63: 0.168359 | AE63: 109.30447 | AF63: approximate | AG63: Kubu Raya regency, | AJ63: West Kalimantan | AK63: South-eastern Asia | AL63: Asia | AR63: Gas only
A64: L100000405938 | B64: G100000405921 | C64: https://www.gem.wiki/Kalsel_1_power_station | D64: Indonesia | E64: Kalsel 1 power station | H64: 1 | I64: fossil gas: natural gas, fossil liquids: diesel | J64: 100 | K64: announced | L64: combined cycle | N64: not found | O64: not found | P64: not found | V64: 2030 | Z64: PT PLN (Persero) [100%] | AA64: E100000000537 [100%] | AB64: PT PLN (Persero) [100.0%] | AC64: E100000000537 [100.0%] | AD64: -2.737592 | AE64: 114.73802 | AF64: approximate | AG64: not found | AJ64: South Kalimantan | AK64: South-eastern Asia | AL64: Asia | AR64: Multi fuel
A65: L100000405940 | B65: G100000405923 | C65: https://www.gem.wiki/Kaltim_power_station | D65: Indonesia | E65: Kaltim power station | G65: Kaltim Peaker 2, Kaltim Peaker | H65: 45658 | I65: fossil gas: natural gas, fossil liquids: diesel | J65: 50 | K65: operating | L65: gas turbine | N65: not found | V65: 2013 | Z65: PT PLN (Persero) [100%] | AA65: E100000000537 [100%] | AB65: PT PLN (Persero) [100.0%] | AC65: E100000000537 [100.0%] | AD65: -0.384362 | AE65: 117.05147 | AF65: exact | AG65: Kutai Kartanegara regency | AJ65: East Kalimantan | AK65: South-eastern Asia | AL65: Asia | AR65: Multi fuel
A66: L100000405940 | B66: G100000405924 | C66: https://www.gem.wiki/Kaltim_power_station | D66: Indonesia | E66: Kaltim power station | G66: Kaltim Peaker 2, Kaltim Peaker | H66: 45689 | I66: fossil gas: natural gas, fossil liquids: diesel | J66: 50 | K66: operating | L66: gas turbine | N66: not found | V66: 2013 | Z66: PT PLN (Persero) [100%] | AA66: E100000000537 [100%] | AB66: PT PLN (Persero) [100.0%] | AC66: E100000000537 [100.0%] | AD66: -0.384362 | AE66: 117.05147 | AF66: exact | AG66: Kutai Kartanegara regency | AJ66: East Kalimantan | AK66: South-eastern Asia | AL66: Asia | AR66: Multi fuel
A67: L100000405940 | B67: G100000410639 | C67: https://www.gem.wiki/Kaltim_power_station | D67: Indonesia | E67: Kaltim power station | G67: Kaltim Peaker 2, Kaltim Peaker | H67: 2-0 | I67: fossil gas: natural gas | J67: 80 | K67: pre-construction | L67: combined cycle | N67: not found | V67: 2026 | Z67: PT PLN (Persero) [100%] | AA67: E100000000537 [100%] | AB67: PT PLN (Persero) [100.0%] | AC67: E100000000537 [100.0%] | AD67: -0.384362 | AE67: 117.05147 | AF67: exact | AG67: Kutai Kartanegara regency | AJ67: East Kalimantan | AK67: South-eastern Asia | AL67: Asia | AR67: Gas only
A68: L100000405940 | B68: G100000405925 | C68: https://www.gem.wiki/Kaltim_power_station | D68: Indonesia | E68: Kaltim power station | G68: Kaltim Peaker 2, Kaltim Peaker | H68: 45659 | I68: fossil gas: natural gas, fossil liquids: diesel | J68: 50 | K68: pre-construction | L68: gas turbine | N68: not found | V68: 2023 | Z68: PT PLN (Persero) [100%] | AA68: E100000000537 [100%] | AB68: PT PLN (Persero) [100.0%] | AC68: E100000000537 [100.0%] | AD68: -0.384362 | AE68: 117.05147 | AF68: exact | AG68: Kutai Kartanegara regency | AJ68: East Kalimantan | AK68: South-eastern Asia | AL68: Asia | AR68: Multi fuel
A69: L100000405940 | B69: G100000405926 | C69: https://www.gem.wiki/Kaltim_power_station | D69: Indonesia | E69: Kaltim power station | G69: Kaltim Peaker 2, Kaltim Peaker | H69: 45690 | I69: fossil gas: natural gas, fossil liquids: diesel | J69: 50 | K69: pre-construction | L69: gas turbine | N69: not found | V69: 2023 | Z69: PT PLN (Persero) [100%] | AA69: E100000000537 [100%] | AB69: PT PLN (Persero) [100.0%] | AC69: E100000000537 [100.0%] | AD69: -0.384362 | AE69: 117.05147 | AF69: exact | AG69: Kutai Kartanegara regency | AJ69: East Kalimantan | AK69: South-eastern Asia | AL69: Asia | AR69: Multi fuel
A70: L100000407148 | B70: G100000408639 | C70: https://www.gem.wiki/Karpowership_(Indonesia)_Onur_Sultan_power_station | D70: Indonesia | E70: Karpowership (Indonesia) Onur Sultan power station | H70: 1 | I70: fossil gas: natural gas | J70: 470 | K70: operating | L70: ICCC | N70: not found | V70: 2016 | Z70: Karpowership [100%] | AA70: E100000003399 [100%] | AB70: Karadeniz Holding AŞ | AC70: E100000001059 | AD70: 3.775582 | AE70: 98.669767 | AF70: exact | AG70: Belawan | AJ70: North Sumatra | AK70: South-eastern Asia | AL70: Asia | AR70: Gas only
A71: L100000407149 | B71: G100000408640 | C71: https://www.gem.wiki/Karpowership_(Indonesia)_Zeynep_Sultan_power_station | D71: Indonesia | E71: Karpowership (Indonesia) Zeynep Sultan power station | H71: 1 | I71: fossil gas: LNG | J71: 125 | K71: operating | L71: ICCC | N71: not found | V71: 2016 | Z71: Karpowership [100%] | AA71: E100000003399 [100%] | AB71: Karadeniz Holding AŞ | AC71: E100000001059 | AD71: 1.187715 | AE71: 124.47854 | AF71: exact | AG71: Amurang | AJ71: North Sulawesi | AK71: South-eastern Asia | AL71: Asia | AR71: LNG only
A72: L100000405278 | B72: G100000404253 | C72: https://www.gem.wiki/Keramasan_Asta_power_station | D72: Indonesia | E72: Keramasan Asta power station | H72: 1 | I72: fossil gas: natural gas | J72: 145 | K72: mothballed | L72: combined cycle | N72: not found | V72: 2010 | Z72: PT Asta Keramasan Energi [100%] | AA72: E100000003753 [100%] | AB72: PT Leyand International Tbk [100.0%] | AC72: E100000000536 [100.0%] | AD72: -3.030261 | AE72: 104.74198 | AF72: approximate | AG72: Keramasan | AJ72: Sumatra | AK72: South-eastern Asia | AL72: Asia | AM72: World Resources Institute: WRI1000833 | AR72: Gas only
A73: L100000405279 | B73: G100000404254 | C73: https://www.gem.wiki/Keramasan_PLN_power_station | D73: Indonesia | E73: Keramasan PLN power station | H73: 1 | I73: fossil gas: natural gas | J73: 80 | K73: operating | L73: combined cycle | N73: not found | V73: 2015 | Z73: PT PLN (Persero) [100%] | AA73: E100000000537 [100%] | AB73: PT PLN (Persero) [100.0%] | AC73: E100000000537 [100.0%] | AD73: -3.031835 | AE73: 104.74596 | AF73: exact | AG73: Palembang City | AJ73: South Sumatra | AK73: South-eastern Asia | AL73: Asia | AM73: World Resources Institute: WRI1000834 | AR73: Gas only
A74: L100000405280 | B74: G100000404273 | C74: https://www.gem.wiki/Krakatau_power_station | D74: Indonesia | E74: Krakatau power station | H74: 2 | I74: fossil gas: natural gas | J74: 120 | K74: announced | L74: combined cycle | N74: not found | O74: not found | P74: not found | V74: not found | Z74: PT Krakatau Daya Listrik [100%] | AA74: E100000001949 [100%] | AB74: PT Krakatau Steel (Persero) Tbk [100.0%] | AC74: E100001010136 [100.0%] | AD74: -5.9924 | AE74: 105.9849 | AF74: exact | AG74: Samangraya | AJ74: Banten | AK74: South-eastern Asia | AL74: Asia | AM74: World Resources Institute: WRI1000878 | AR74: Gas only
A75: L100000405280 | B75: G100000404272 | C75: https://www.gem.wiki/Krakatau_power_station | D75: Indonesia | E75: Krakatau power station | H75: 1 | I75: fossil gas: natural gas | J75: 120 | K75: operating | L75: combined cycle | N75: not found | V75: 2015 | Z75: PT Krakatau Daya Listrik [100%] | AA75: E100000001949 [100%] | AB75: PT Krakatau Steel (Persero) Tbk [100.0%] | AC75: E100001010136 [100.0%] | AD75: -5.9924 | AE75: 105.9849 | AF75: exact | AG75: Samangraya | AJ75: Banten | AK75: South-eastern Asia | AL75: Asia | AM75: World Resources Institute: WRI1000878 | AR75: Gas only
A76: L100000405941 | B76: G100000405927 | C76: https://www.gem.wiki/Lampung_Peaker_power_station | D76: Indonesia | E76: Lampung Peaker power station | H76: 1 | I76: fossil gas: LNG | J76: 200 | K76: cancelled | L76: combined cycle | N76: not found | Z76: PT PLN (Persero) [100%] | AA76: E100000000537 [100%] | AB76: PT PLN (Persero) [100.0%] | AC76: E100000000537 [100.0%] | AD76: -5.568576 | AE76: 105.37802 | AF76: approximate | AG76: not found | AI76: Lampung | AJ76: Sumatra | AK76: South-eastern Asia | AL76: Asia | AR76: LNG only
A77: L100000405942 | B77: G100000405928 | C77: https://www.gem.wiki/Lombok_Peaker_power_station | D77: Indonesia | E77: Lombok Peaker power station | H77: 1 | I77: fossil gas: natural gas, fossil liquids: diesel | J77: 135 | K77: operating | L77: ICCC | N77: not found | V77: 2020 | Z77: PT PLN (Persero) [100%] | AA77: E100000000537 [100%] | AB77: PT PLN (Persero) [100.0%] | AC77: E100000000537 [100.0%] | AD77: -8.58958 | AE77: 116.07441 | AF77: exact | AG77: Mataram | AJ77: West Nusa Tenggara | AK77: South-eastern Asia | AL77: Asia | AR77: Multi fuel
A78: L100000408079 | B78: G100000411314 | C78: https://www.gem.wiki/Lueng_Bata_power_station | D78: Indonesia | E78: Lueng Bata power station | H78: 1 | I78: fossil liquids: diesel | J78: 58.5 | K78: operating | L78: internal combustion | N78: not found | V78: 1981 | Z78: PT PLN (Persero) [100%] | AA78: E100000000537 [100%] | AB78: PT PLN (Persero) [100.0%] | AC78: E100000000537 [100.0%] | AD78: 5.540313 | AE78: 95.341225 | AF78: exact | AG78: Banda Aceh | AJ78: Aceh | AK78: South-eastern Asia | AL78: Asia | AR78: Oil only
A79: L100000405943 | B79: G100000405929 | C79: https://www.gem.wiki/Luwuk_power_station | D79: Indonesia | E79: Luwuk power station | H79: 1 | I79: fossil gas: natural gas | J79: 150 | K79: shelved | L79: combined cycle | N79: not found | V79: 2021 | Z79: PT PLN (Persero) [100%] | AA79: E100000000537 [100%] | AB79: PT PLN (Persero) [100.0%] | AC79: E100000000537 [100.0%] | AD79: -1.325641 | AE79: 122.49828 | AF79: approximate | AG79: Nonong | AI79: Banggai | AJ79: Central Sulawesi | AK79: South-eastern Asia | AL79: Asia | AR79: Gas only
A80: L100000102724 | B80: G100000404307 | C80: https://www.gem.wiki/Madura_PTBA_power_station | D80: Indonesia | E80: Madura PTBA power station | H80: 1 | I80: fossil gas: natural gas | J80: 300 | K80: announced | L80: combined cycle | N80: not found | O80: not found | P80: not found | V80: 2025 | Z80: PT PLN (Persero) [100%] | AA80: E100000000537 [100%] | AB80: PT PLN (Persero) [100.0%] | AC80: E100000000537 [100.0%] | AD80: -7.077733 | AE80: 113.28709 | AF80: approximate | AG80: Pulau Madura | AJ80: East Java | AK80: South-eastern Asia | AL80: Asia | AR80: Gas only
A81: L100000405944 | B81: G100000405930 | C81: https://www.gem.wiki/Makassar_power_station | D81: Indonesia | E81: Makassar power station | H81: 1 | I81: fossil gas: natural gas | J81: 200 | K81: operating | L81: combined cycle | N81: not found | O81: not found | P81: not found | V81: 2023 | Z81: PT PLN (Persero) [100%] | AA81: E100000000537 [100%] | AB81: PT PLN (Persero) [100.0%] | AC81: E100000000537 [100.0%] | AD81: -4.935711 | AE81: 119.52311 | AF81: approximate | AG81: not found | AJ81: South Sulawesi | AK81: South-eastern Asia | AL81: Asia | AR81: Gas only
A82: L100000408928 | B82: G100000413196 | C82: https://www.gem.wiki/Mandira_1_power_station | D82: Indonesia | E82: Mandira 1 power station | H82: 1 | I82: fossil liquids: diesel | J82: 87 | K82: operating | L82: internal combustion | N82: not found | V82: 1998 | Z82: PT Wachyuni Mandira [100%] | AA82: E100001011146 [100%] | AB82: PT Wachyuni Mandira [100.0%] | AC82: E100001011146 [100.0%] | AD82: -4.514215 | AE82: 105.69747 | AF82: exact | AG82: Bumi Pratama Mandira | AJ82: South Sumatra | AK82: South-eastern Asia | AL82: Asia | AR82: Oil only
A83: L100000405283 | B83: G100000404275 | C83: https://www.gem.wiki/Muara_Karang_power_station | D83: Indonesia | E83: Muara Karang power station | H83: CC1 | I83: fossil gas: natural gas, fossil liquids: diesel | J83: 509 | K83: operating | L83: combined cycle | N83: not found | V83: 1995 | Z83: PT PLN Nusantara Power [100%] | AA83: E100000003764 [100%] | AB83: PT PLN (Persero) [100.0%] | AC83: E100000000537 [100.0%] | AD83: -6.1087 | AE83: 106.7877 | AF83: exact | AG83: Pluit | AJ83: Jakarta | AK83: South-eastern Asia | AL83: Asia | AM83: World Resources Institute: WRI1000881, World Resources Institute: WRI1000879 | AR83: Multi fuel
A84: L100000405283 | B84: G100000404274 | C84: https://www.gem.wiki/Muara_Karang_power_station | D84: Indonesia | E84: Muara Karang power station | H84: CC2 | I84: fossil gas: natural gas | J84: 720 | K84: operating | L84: combined cycle | N84: not found | V84: 2011 | Z84: PT PLN Nusantara Power [100%] | AA84: E100000003764 [100%] | AB84: PT PLN (Persero) [100.0%] | AC84: E100000000537 [100.0%] | AD84: -6.1087 | AE84: 106.7877 | AF84: exact | AG84: Pluit | AJ84: Jakarta | AK84: South-eastern Asia | AL84: Asia | AM84: World Resources Institute: WRI1000881, World Resources Institute: WRI1000879 | AR84: Gas only
A85: L100000405283 | B85: G100000404276 | C85: https://www.gem.wiki/Muara_Karang_power_station | D85: Indonesia | E85: Muara Karang power station | H85: CC3 | I85: fossil gas: natural gas, fossil liquids: fuel oil | J85: 500 | K85: operating | L85: combined cycle | N85: not found | V85: 2021 | Z85: PT PLN Nusantara Power [100%] | AA85: E100000003764 [100%] | AB85: PT PLN (Persero) [100.0%] | AC85: E100000000537 [100.0%] | AD85: -6.1087 | AE85: 106.7877 | AF85: exact | AG85: Pluit | AJ85: Jakarta | AK85: South-eastern Asia | AL85: Asia | AM85: World Resources Institute: WRI1000881, World Resources Institute: WRI1000879 | AR85: Multi fuel
A86: L100000405283 | B86: G100000410586 | C86: https://www.gem.wiki/Muara_Karang_power_station | D86: Indonesia | E86: Muara Karang power station | H86: ST1 | I86: fossil gas: natural gas | J86: 200 | K86: operating | L86: steam turbine | N86: not found | V86: 1981 | Z86: PT PLN Nusantara Power [100%] | AA86: E100000003764 [100%] | AB86: PT PLN (Persero) [100.0%] | AC86: E100000000537 [100.0%] | AD86: -6.1087 | AE86: 106.7877 | AF86: exact | AG86: Pluit | AJ86: Jakarta | AK86: South-eastern Asia | AL86: Asia | AM86: World Resources Institute: WRI1000881, World Resources Institute: WRI1000879 | AR86: Gas only
A87: L100000405283 | B87: G100000410587 | C87: https://www.gem.wiki/Muara_Karang_power_station | D87: Indonesia | E87: Muara Karang power station | H87: ST2 | I87: fossil gas: natural gas | J87: 200 | K87: operating | L87: steam turbine | N87: not found | V87: 1981 | Z87: PT PLN Nusantara Power [100%] | AA87: E100000003764 [100%] | AB87: PT PLN (Persero) [100.0%] | AC87: E100000000537 [100.0%] | AD87: -6.1087 | AE87: 106.7877 | AF87: exact | AG87: Pluit | AJ87: Jakarta | AK87: South-eastern Asia | AL87: Asia | AM87: World Resources Institute: WRI1000881, World Resources Institute: WRI1000879 | AR87: Gas only
A88: L100000405284 | B88: G100000404277 | C88: https://www.gem.wiki/Muara_Tawar_power_station | D88: Indonesia | E88: Muara Tawar power station | G88: Muara Tawar Combined Cycle Power Plant, Muara Tawar Gas and Steam Power Plant | H88: 1 | I88: fossil gas: natural gas | J88: 640 | K88: operating | L88: combined cycle | M88: GE Power: GT13E2 | N88: not found | V88: 1997 | Z88: PT PLN Nusantara Power [100%] | AA88: E100000003764 [100%] | AB88: PT PLN (Persero) [100.0%] | AC88: E100000000537 [100.0%] | AD88: -6.0867 | AE88: 106.9987 | AF88: exact | AG88: Bekasi | AJ88: West Java | AK88: South-eastern Asia | AL88: Asia | AM88: World Resources Institute: WRI1000836, World Resources Institute: WRI1000883, World Resources Institute: WRI1000882, World Resources Institute: WRI1000837 | AR88: Gas only
A89: L100000405284 | B89: G100000404282 | C89: https://www.gem.wiki/Muara_Tawar_power_station | D89: Indonesia | E89: Muara Tawar power station | G89: Muara Tawar Combined Cycle Power Plant, Muara Tawar Gas and Steam Power Plant | H89: 2 | I89: fossil gas: natural gas | J89: 280 | K89: operating | L89: gas turbine | N89: not found | V89: 2022 | Z89: PT PLN Nusantara Power [100%] | AA89: E100000003764 [100%] | AB89: PT PLN (Persero) [100.0%] | AC89: E100000000537 [100.0%] | AD89: -6.0867 | AE89: 106.9987 | AF89: exact | AG89: Bekasi | AJ89: West Java | AK89: South-eastern Asia | AL89: Asia | AM89: World Resources Institute: WRI1000836, World Resources Institute: WRI1000883, World Resources Institute: WRI1000882, World Resources Institute: WRI1000837 | AR89: Gas only
A90: L100000405284 | B90: G100000406223 | C90: https://www.gem.wiki/Muara_Tawar_power_station | D90: Indonesia | E90: Muara Tawar power station | G90: Muara Tawar Combined Cycle Power Plant, Muara Tawar Gas and Steam Power Plant | H90: 3-0 | I90: fossil gas: waste heat from natural gas | J90: 325 | K90: operating | L90: steam turbine | N90: not found | V90: 2025 | Z90: PT PLN Nusantara Power [100%] | AA90: E100000003764 [100%] | AB90: PT PLN (Persero) [100.0%] | AC90: E100000000537 [100.0%] | AD90: -6.0867 | AE90: 106.9987 | AF90: exact | AG90: Bekasi | AJ90: West Java | AK90: South-eastern Asia | AL90: Asia | AM90: World Resources Institute: WRI1000836, World Resources Institute: WRI1000883, World Resources Institute: WRI1000882, World Resources Institute: WRI1000837 | AR90: Gas only
A91: L100000405284 | B91: G100000404279 | C91: https://www.gem.wiki/Muara_Tawar_power_station | D91: Indonesia | E91: Muara Tawar power station | G91: Muara Tawar Combined Cycle Power Plant, Muara Tawar Gas and Steam Power Plant | H91: 45660 | I91: fossil gas: natural gas | J91: 140 | K91: operating | L91: gas turbine | N91: not found | V91: 2005 | Z91: PT PLN Nusantara Power [100%] | AA91: E100000003764 [100%] | AB91: PT PLN (Persero) [100.0%] | AC91: E100000000537 [100.0%] | AD91: -6.0867 | AE91: 106.9987 | AF91: exact | AG91: Bekasi | AJ91: West Java | AK91: South-eastern Asia | AL91: Asia | AM91: World Resources Institute: WRI1000836, World Resources Institute: WRI1000883, World Resources Institute: WRI1000882, World Resources Institute: WRI1000837 | AR91: Gas only
A92: L100000405284 | B92: G100000406227 | C92: https://www.gem.wiki/Muara_Tawar_power_station | D92: Indonesia | E92: Muara Tawar power station | G92: Muara Tawar Combined Cycle Power Plant, Muara Tawar Gas and Steam Power Plant | H92: 45691 | I92: fossil gas: natural gas | J92: 140 | K92: operating | L92: gas turbine | N92: not found | V92: 2005 | Z92: PT PLN Nusantara Power [100%] | AA92: E100000003764 [100%] | AB92: PT PLN (Persero) [100.0%] | AC92: E100000000537 [100.0%] | AD92: -6.0867 | AE92: 106.9987 | AF92: exact | AG92: Bekasi | AJ92: West Java | AK92: South-eastern Asia | AL92: Asia | AM92: World Resources Institute: WRI1000836, World Resources Institute: WRI1000883, World Resources Institute: WRI1000882, World Resources Institute: WRI1000837 | AR92: Gas only
A93: L100000405284 | B93: G100000406226 | C93: https://www.gem.wiki/Muara_Tawar_power_station | D93: Indonesia | E93: Muara Tawar power station | G93: Muara Tawar Combined Cycle Power Plant, Muara Tawar Gas and Steam Power Plant | H93: 45719 | I93: fossil gas: natural gas | J93: 140 | K93: operating | L93: gas turbine | N93: not found | V93: 2005 | Z93: PT PLN Nusantara Power [100%] | AA93: E100000003764 [100%] | AB93: PT PLN (Persero) [100.0%] | AC93: E100000000537 [100.0%] | AD93: -6.0867 | AE93: 106.9987 | AF93: exact | AG93: Bekasi | AJ93: West Java | AK93: South-eastern Asia | AL93: Asia | AM93: World Resources Institute: WRI1000836, World Resources Institute: WRI1000883, World Resources Institute: WRI1000882, World Resources Institute: WRI1000837 | AR93: Gas only
A94: L100000405284 | B94: G100000406225 | C94: https://www.gem.wiki/Muara_Tawar_power_station | D94: Indonesia | E94: Muara Tawar power station | G94: Muara Tawar Combined Cycle Power Plant, Muara Tawar Gas and Steam Power Plant | H94: 4-0 | I94: fossil gas: waste heat from natural gas | J94: 325 | K94: operating | L94: steam turbine | N94: not found | V94: 2025 | Z94: PT PLN Nusantara Power [100%] | AA94: E100000003764 [100%] | AB94: PT PLN (Persero) [100.0%] | AC94: E100000000537 [100.0%] | AD94: -6.0867 | AE94: 106.9987 | AF94: exact | AG94: Bekasi | AJ94: West Java | AK94: South-eastern Asia | AL94: Asia | AM94: World Resources Institute: WRI1000836, World Resources Institute: WRI1000883, World Resources Institute: WRI1000882, World Resources Institute: WRI1000837 | AR94: Gas only
A95: L100000405284 | B95: G100000404280 | C95: https://www.gem.wiki/Muara_Tawar_power_station | D95: Indonesia | E95: Muara Tawar power station | G95: Muara Tawar Combined Cycle Power Plant, Muara Tawar Gas and Steam Power Plant | H95: 45661 | I95: fossil gas: natural gas | J95: 140 | K95: operating | L95: gas turbine | N95: not found | V95: 2005 | Z95: PT PLN Nusantara Power [100%] | AA95: E100000003764 [100%] | AB95: PT PLN (Persero) [100.0%] | AC95: E100000000537 [100.0%] | AD95: -6.0867 | AE95: 106.9987 | AF95: exact | AG95: Bekasi | AJ95: West Java | AK95: South-eastern Asia | AL95: Asia | AM95: World Resources Institute: WRI1000836, World Resources Institute: WRI1000883, World Resources Institute: WRI1000882, World Resources Institute: WRI1000837 | AR95: Gas only
A96: L100000405284 | B96: G100000406229 | C96: https://www.gem.wiki/Muara_Tawar_power_station | D96: Indonesia | E96: Muara Tawar power station | G96: Muara Tawar Combined Cycle Power Plant, Muara Tawar Gas and Steam Power Plant | H96: 45692 | I96: fossil gas: natural gas | J96: 140 | K96: operating | L96: gas turbine | N96: not found | V96: 2005 | Z96: PT PLN Nusantara Power [100%] | AA96: E100000003764 [100%] | AB96: PT PLN (Persero) [100.0%] | AC96: E100000000537 [100.0%] | AD96: -6.0867 | AE96: 106.9987 | AF96: exact | AG96: Bekasi | AJ96: West Java | AK96: South-eastern Asia | AL96: Asia | AM96: World Resources Institute: WRI1000836, World Resources Institute: WRI1000883, World Resources Institute: WRI1000882, World Resources Institute: WRI1000837 | AR96: Gas only
A97: L100000405284 | B97: G100000406228 | C97: https://www.gem.wiki/Muara_Tawar_power_station | D97: Indonesia | E97: Muara Tawar power station | G97: Muara Tawar Combined Cycle Power Plant, Muara Tawar Gas and Steam Power Plant | H97: 45720 | I97: fossil gas: natural gas | J97: 140 | K97: operating | L97: gas turbine | N97: not found | V97: 2005 | Z97: PT PLN Nusantara Power [100%] | AA97: E100000003764 [100%] | AB97: PT PLN (Persero) [100.0%] | AC97: E100000000537 [100.0%] | AD97: -6.0867 | AE97: 106.9987 | AF97: exact | AG97: Bekasi | AJ97: West Java | AK97: South-eastern Asia | AL97: Asia | AM97: World Resources Institute: WRI1000836, World Resources Institute: WRI1000883, World Resources Institute: WRI1000882, World Resources Institute: WRI1000837 | AR97: Gas only
A98: L100000405284 | B98: G100000404281 | C98: https://www.gem.wiki/Muara_Tawar_power_station | D98: Indonesia | E98: Muara Tawar power station | G98: Muara Tawar Combined Cycle Power Plant, Muara Tawar Gas and Steam Power Plant | H98: 45662 | I98: fossil gas: natural gas | J98: 384 | K98: operating | L98: combined cycle | M98: GE Power: GT13E2 | N98: not found | V98: 2010 | Z98: PT PLN Nusantara Power [100%] | AA98: E100000003764 [100%] | AB98: PT PLN (Persero) [100.0%] | AC98: E100000000537 [100.0%] | AD98: -6.0867 | AE98: 106.9987 | AF98: exact | AG98: Bekasi | AJ98: West Java | AK98: South-eastern Asia | AL98: Asia | AM98: World Resources Institute: WRI1000836, World Resources Institute: WRI1000883, World Resources Institute: WRI1000882, World Resources Institute: WRI1000837 | AR98: Gas only
A99: L100000405285 | B99: G100000404243 | C99: https://www.gem.wiki/North_Duri_cogeneration_power_station | D99: Indonesia | E99: North Duri cogeneration power station | H99: 1 | I99: fossil gas: natural gas | J99: 100 | K99: operating | L99: gas turbine | N99: yes | V99: 2000 | Z99: PT PLN (Persero) [100%] | AA99: E100000000537 [100%] | AB99: PT PLN (Persero) [100.0%] | AC99: E100000000537 [100.0%] | AD99: 1.372163 | AE99: 101.22512 | AF99: exact | AG99: Bumbung | AJ99: Riau | AK99: South-eastern Asia | AL99: Asia | AM99: World Resources Institute: WRI1000794 | AO99: power | AP99: oil & refining | AR99: Gas only
A100: L100000405285 | B100: G100000404244 | C100: https://www.gem.wiki/North_Duri_cogeneration_power_station | D100: Indonesia | E100: North Duri cogeneration power station | H100: 2 | I100: fossil gas: natural gas | J100: 100 | K100: operating | L100: gas turbine | N100: yes | V100: 2000 | Z100: PT PLN (Persero) [100%] | AA100: E100000000537 [100%] | AB100: PT PLN (Persero) [100.0%] | AC100: E100000000537 [100.0%] | AD100: 1.372163 | AE100: 101.22512 | AF100: exact | AG100: Bumbung | AJ100: Riau | AK100: South-eastern Asia | AL100: Asia | AM100: World Resources Institute: WRI1000794 | AO100: power | AP100: oil & refining | AR100: Gas only
...

Sheet from TA
A1: NO | B1: NAMA PEMBANGKIT | C1: LOKASI | D1: KAPASITAS (MW) | E1: COD | F1: Main sheet | G1: Note | H1: Color meaning
A2: 1 | B2: PLTG GILIMANUK #1 | C2: BALI | D2: 133.8 | F2: x | H2: x | I2: Already in the main sheet
A3: 2 | B3: PLTG PEMARON #1 | D3: 48.8 | I3: Not in the main sheet but already input in main sheet
A4: 3 | B4: PLTG PEMARON #2 | D4: 48.8 | I4: Ambiguous and still not listed in main sheet
A5: 4 | B5: PLTG PESANGGARAN #1 | D5: 21.35
A6: 5 | B6: PLTG PESANGGARAN #2 | D6: 20.1
A7: 6 | B7: PLTG PESANGGARAN #3 | D7: 42
A8: 7 | B8: PLTG PESANGGARAN #4 | D8: 42
A9: 8 | B9: PLTG PESANGGARAN #5 Ex PLTGU Grati #1 | D9: 100.75 | F9: x
A10: 9 | B10: PLTG PESANGGARAN #6 EX PLTGU Grati #3 | D10: 100.75 | F10: x
A11: 10 | B11: DSS_TNG PLTG #1 | C11: BANTEN | D11: 4.2
A12: 11 | B12: DSS_TNG PLTG #2 | D12: 4.2
A13: 12 | B13: PLTG MALEO #1 | C13: GORONTALO | D13: 25 | F13: x | G13: Gorontalo power station 100 MW in main sheet
A14: 13 | B14: PLTG MALEO #2 | D14: 25 | F14: x | G14: Gorontalo power station 100 MW in main sheet
A15: 14 | B15: PLTG MALEO #3 | D15: 25 | F15: x | G15: Gorontalo power station 100 MW in main sheet
A16: 15 | B16: PLTG MALEO #4 | D16: 25 | F16: x | G16: Gorontalo power station 100 MW in main sheet
A17: 16 | B17: PLTG BATANG HARI #1 | C17: JAMBI | D17: 30 | G17: Relocated to 41
A18: 17 | B18: PLTG BATANG HARI #2 | D18: 30 | G18: Relocated to 41
A19: 18 | B19: PLTG BOT PAYO #1 EX PT ERAMAS PERSADA ENERGY | D19: 46.78 | F19: x | G19: Payo Selincah power station 50 MW in main sheet
A20: 19 | B20: PLTG PAYO SELINCAH #2 EX PLTG BOT PAYO SELINCAH #2 | D20: 50 | F20: x | G20: Payo Selincah power station 50 MW in main sheet
A21: 20 | B21: PLTG CILACAP #1 | C21: JAWA TENGAH | D21: 29
A22: 21 | B22: PLTG CILACAP #2 | D22: 26
A23: 22 | B23: PLTG IPP MPP PARIT BARU #1 (PT PLN BATAM) | C23: KALIMANTAN BARAT | D23: 50
A24: 23 | B24: PLTG IPP MPP PARIT BARU #2 (PT PLN BATAM) | D24: 50
A25: 24 | B25: PLTG SIANTAN #1 (EGT ALSTOM) | D25: 34
A26: 25 | B26: PLTMG ARUN | C26: ACEH | E26: 2016 | G26: capacity?
A27: 26 | B27: PLTG TRISAKTI #1 | C27: KALIMANTAN SELATAN | D27: 21.55
A28: 27 | B28: ALSTOM | C28: KALIMANTAN TIMUR | D28: 34 | F28: x | G28: Most likely Kaltim power station in main sheet
A29: 28 | B29: PLTG PEAKING #1 (GE 1) | D29: 80 | F29: x | G29: Most likely Kaltim power station in main sheet
A30: 29 | B30: PLTG PEAKING #2 (GE 2) | D30: 80 | F30: x | G30: Most likely Kaltim power station in main sheet
A31: 30 | B31: PLTG SEMBERAH #1 | D31: 20
A32: 31 | B32: PLTG SEMBERAH #2 | D32: 20
A33: 32 | B33: PLTG SW TARAKAN (PERSUDA) | C33: KALIMANTAN UTARA | D33: 15.6
A34: 33 | B34: PLTG IPP MPP AIR ANYIR (PT PLN BATAM) | C34: BANGKA BELITUNG | D34: 75
A35: 34 | B35: PLTG IPP MPP SUGE (PT PLN BATAM) | D35: 25
A36: 35 | B36: PANARAN 1 | C36: KEP. RIAU | D36: 65.16 | F36: x | G36: Panaran power station in main sheet
A37: 36 | B37: PANARAN 2 | D37: 64.6 | F37: x | G37: Panaran power station in main sheet
A38: 37 | B38: T. UNCANG (ELB) | D38: 70
A39: 38 | B39: PLTG IPP MPP TARAHAN (PT PLN BATAM) | C39: LAMPUNG | D39: 100
A40: 39 | B40: PLTG SEBALANG #1 EX PLTG PAUH LIMO #2 | D40: 21.5
A41: 40 | B41: PLTG TARAHAN #1 | D41: 21.35
A42: 41 | B42: PLTG PLN-ANTAM HALMAHERA TIMUR #2 | C42: MALUKU UTARA | D42: 30 | F42: x | G42: relocated result from Jakabaring and Batang Hari?
A43: 42 | B43: PLTG IPP MPP JERANJANG LOMBOK (PT PLN BATAM) | C43: NTB | D43: 50
A44: 43 | B44: PT DONGGI SENORO LNG | C44: SULAWESI TENGAH | D44: 66
A45: 44 | B45: PLTG PAUH LIMO #3 | C45: SUMATERA BARAT | D45: 21.5
A46: 45 | B46: PLTG TELUK SIRIH #1 EX PLTG PAUH LIMO #1 | D46: 21.5
A47: 46 | B47: PLTG PUNAGAYA #3 (ALSTHOM) BLACK START EX PLTG TELO #2 | C47: SULAWESI SELATAN | D47: 21.35
A48: 47 | B48: PLTG TELLO #1 (WESTCAN) | D48: 14.466
A49: 48 | B49: PLTG TELLO #3 (ALSTHOM) | D49: 20.2
A50: 49 | B50: PLTG TELLO #4 | D50: 33.4
A51: 50 | B51: PLTG TELLO #5 | D51: 33.4
A52: 51 | B52: LANGGAM POWER | C52: RIAU | D52: 0 | G52: 0 capacity?
A53: 52 | B53: PLTG BALAI PUNGUT DURI #2 | D53: 20
A54: 53 | B54: PLTG IPP MCTN (PT MCTN) | D54: 285
A55: 54 | B55: PLTG IPP MPP BALAI PUNGUT (PT PLN BATAM) | D55: 82.5
A56: 55 | B56: PLTG TELUK LEMBU #1 | D56: 21.6
A57: 56 | B57: PLTG TELUK LEMBU #2 | D57: 21.6
A58: 57 | B58: PLTG TELUK LEMBU #3 | D58: 20
A59: 58 | B59: GGCP | C59: JAWA TIMUR | D59: 22
A60: 59 | B60: PLTG SASA INTI | D60: 6.39
A61: 60 | B61: PLTG GRESIK #1 | D61: 20.1
A62: 61 | B62: PLTG GRESIK #2 | D62: 20.1
A63: 62 | B63: PLTG PT AJINOMOTO INDONESIA | D63: 6
A64: 63 | B64: PT AMERTA INDAH OTSUKA KEJAYAN | D64: 5.84
A65: 64 | B65: PT MIWON INDONESIA | D65: 4.8
A66: 65 | B66: PT WILMAR NABATI INDONESIA | D66: 6.72
A67: 66 | B67: SKK MIGAS JABANUSA | D67: 84.48
A68: 67 | B68: INDOMECENT TUNGGAL PERKASA | C68: JAWA BARAT | D68: 39
A69: 68 | B69: MM2100 | D69: 160.62
A70: 69 | B70: PLTG MUARA TAWAR #7 (GT 3.1) | D70: 143 | F70: x
A71: 70 | B71: PLTG MUARA TAWAR #8 (GT 3.2) | D71: 143 | F71: x
A72: 71 | B72: PLTG MUARA TAWAR #9 (GT 3.3) | D72: 143 | F72: x
A73: 72 | B73: PLTG MUARA TAWAR #10 (GT 4.1) | D73: 143 | F73: x
A74: 73 | B74: PLTG MUARA TAWAR #11 (GT 4.2) | D74: 143 | F74: x
A75: 74 | B75: PLTG MUARA TAWAR #12 (GT 4.3) | D75: 143 | F75: x
A76: 75 | B76: PLTG SUNYARAGI #2 | D76: 20.03
A77: 76 | B77: PLTG SUNYARAGI #3 | D77: 20.1
A78: 77 | B78: PLTG SUNYARAGI #4 | D78: 20.1
A79: 78 | B79: WIL. PABRIK PT PINDO DELI PULP MILLS | D79: 64 | F79: x | G79: Most likely Pindo-Deli-Ii power station in main sheet
A80: 79 | B80: PLTG BORANG #01 EX PLTG BOT BORANG #01 | C80: SUMATERA SELATAN | D80: 33.583
A81: 80 | B81: PLTG BORANG #01 EX PLTG BOT BORANG #02 | D81: 33.583
A82: 81 | B82: PLTG BORANG #03 | D82: 14
A83: 82 | B83: PLTG BOT TALANG DUKU #02 | D83: 21.5
A84: 83 | B84: PLTG BOT TALANG DUKU #03 | D84: 35.1
A85: 84 | B85: PLTG INDRALAYA #01 | D85: 48.8
A86: 85 | B86: PLTG IPP PRABUMULIH | D86: 12
A87: 86 | B87: PLTG IPP SAKO | D87: 12
A88: 87 | B88: PLTG JAKABARING #01 | D88: 20 | G88: relocated to 41
A89: 88 | B89: PLTG JAKABARING #02 | D89: 20 | G89: relocated to 41
A90: 89 | B90: PLTG JAKABARING #03 | D90: 20 | G90: relocated to 41
A91: 90 | B91: PLTG KERAMASAN #01 | D91: 11.75 | F91: x | G91: Most likely Keramasan PLN power station in main sheet
A92: 91 | B92: PLTG KERAMASAN #02 | D92: 11.75 | F92: x | G92: Most likely Keramasan PLN power station in main sheet
A93: 92 | B93: PLTG KERAMASAN #03 | D93: 21.35 | F93: x | G93: Most likely Keramasan PLN power station in main sheet
A94: 93 | B94: PLTG TALANG DUKU #1 | D94: 21
A95: 94 | B95: PLTG BELAWAN #1 | C95: SUMATERA UTARA | D95: 112 | F95: x
A96: 95 | B96: PLTG GLUGUR #1 | D96: 19.85
A97: 96 | B97: PLTG GLUGUR #3 | D97: 11.86
A98: 97 | B98: PLTG IPP MPP NIAS | D98: 25
A99: 98 | B99: PLTG IPP MPP PAYA PASIR | D99: 50
A100: 99 | B100: PLTG PAYA PASIR #4 | D100: 20.1
...
